/media/santosh/newdrive/prafulla/aerial_motion_dataset/0_aerial_final_dataset/la_part_1_2_3/la_part_1/1.jpg,301,230,331,270,car
/media/santosh/newdrive/prafulla/aerial_motion_dataset/0_aerial_final_dataset/la_part_1_2_3/la_part_1/1.jpg,420,320,447,356,car
/media/santosh/newdrive/prafulla/aerial_motion_dataset/0_aerial_final_dataset/la_part_1_2_3/la_part_1/1.jpg,468,303,495,336,car
/media/santosh/newdrive/prafulla/aerial_motion_dataset/0_aerial_final_dataset/la_part_1_2_3/la_part_1/10.jpg,321,249,349,286,car
/media/santosh/newdrive/prafulla/aerial_motion_dataset/0_aerial_final_dataset/la_part_1_2_3/la_part_1/10.jpg,438,293,466,328,car
/media/santosh/newdrive/prafulla/aerial_motion_dataset/0_aerial_final_dataset/la_part_1_2_3/la_part_1/10.jpg,447,332,472,363,car
/media/santosh/newdrive/prafulla/aerial_motion_dataset/0_aerial_final_dataset/la_part_1_2_3/la_part_1/100.jpg,191,140,217,181,car
/media/santosh/newdrive/prafulla/aerial_motion_dataset/0_aerial_final_dataset/la_part_1_2_3/la_part_1/100.jpg,537,430,566,460,car
/media/santosh/newdrive/prafulla/aerial_motion_dataset/0_aerial_final_dataset/la_part_1_2_3/la_part_1/100.jpg,589,363,608,393,car
/media/santosh/newdrive/prafulla/aerial_motion_dataset/0_aerial_final_dataset/la_part_1_2_3/la_part_1/101.jpg,585,365,608,395,car
/media/santosh/newdrive/prafulla/aerial_motion_dataset/0_aerial_final_dataset/la_part_1_2_3/la_part_1/101.jpg,538,428,575,462,car
/media/santosh/newdrive/prafulla/aerial_motion_dataset/0_aerial_final_dataset/la_part_1_2_3/la_part_1/101.jpg,189,144,215,181,car
/media/santosh/newdrive/prafulla/aerial_motion_dataset/0_aerial_final_dataset/la_part_1_2_3/la_part_1/102.jpg,185,131,211,175,car
/media/santosh/newdrive/prafulla/aerial_motion_dataset/0_aerial_final_dataset/la_part_1_2_3/la_part_1/102.jpg,581,367,608,396,car
/media/santosh/newdrive/prafulla/aerial_motion_dataset/0_aerial_final_dataset/la_part_1_2_3/la_part_1/102.jpg,541,430,572,463,car
/media/santosh/newdrive/prafulla/aerial_motion_dataset/0_aerial_final_dataset/la_part_1_2_3/la_part_1/103.jpg,544,433,572,463,car
/media/santosh/newdrive/prafulla/aerial_motion_dataset/0_aerial_final_dataset/la_part_1_2_3/la_part_1/103.jpg,576,367,608,398,car
/media/santosh/newdrive/prafulla/aerial_motion_dataset/0_aerial_final_dataset/la_part_1_2_3/la_part_1/103.jpg,183,129,211,171,car
/media/santosh/newdrive/prafulla/aerial_motion_dataset/0_aerial_final_dataset/la_part_1_2_3/la_part_1/104.jpg,182,134,210,175,car
/media/santosh/newdrive/prafulla/aerial_motion_dataset/0_aerial_final_dataset/la_part_1_2_3/la_part_1/104.jpg,573,367,608,401,car
/media/santosh/newdrive/prafulla/aerial_motion_dataset/0_aerial_final_dataset/la_part_1_2_3/la_part_1/104.jpg,545,435,578,468,car
/media/santosh/newdrive/prafulla/aerial_motion_dataset/0_aerial_final_dataset/la_part_1_2_3/la_part_1/105.jpg,549,437,581,467,car
/media/santosh/newdrive/prafulla/aerial_motion_dataset/0_aerial_final_dataset/la_part_1_2_3/la_part_1/105.jpg,572,373,604,401,car
/media/santosh/newdrive/prafulla/aerial_motion_dataset/0_aerial_final_dataset/la_part_1_2_3/la_part_1/105.jpg,180,127,207,164,car
/media/santosh/newdrive/prafulla/aerial_motion_dataset/0_aerial_final_dataset/la_part_1_2_3/la_part_1/106.jpg,175,123,204,167,car
/media/santosh/newdrive/prafulla/aerial_motion_dataset/0_aerial_final_dataset/la_part_1_2_3/la_part_1/106.jpg,569,372,600,403,car
/media/santosh/newdrive/prafulla/aerial_motion_dataset/0_aerial_final_dataset/la_part_1_2_3/la_part_1/106.jpg,550,438,580,470,car
/media/santosh/newdrive/prafulla/aerial_motion_dataset/0_aerial_final_dataset/la_part_1_2_3/la_part_1/107.jpg,567,374,598,408,car
/media/santosh/newdrive/prafulla/aerial_motion_dataset/0_aerial_final_dataset/la_part_1_2_3/la_part_1/107.jpg,554,438,585,471,car
/media/santosh/newdrive/prafulla/aerial_motion_dataset/0_aerial_final_dataset/la_part_1_2_3/la_part_1/107.jpg,174,118,200,163,car
/media/santosh/newdrive/prafulla/aerial_motion_dataset/0_aerial_final_dataset/la_part_1_2_3/la_part_1/108.jpg,172,122,198,161,car
/media/santosh/newdrive/prafulla/aerial_motion_dataset/0_aerial_final_dataset/la_part_1_2_3/la_part_1/108.jpg,562,375,595,411,car
/media/santosh/newdrive/prafulla/aerial_motion_dataset/0_aerial_final_dataset/la_part_1_2_3/la_part_1/108.jpg,555,438,588,474,car
/media/santosh/newdrive/prafulla/aerial_motion_dataset/0_aerial_final_dataset/la_part_1_2_3/la_part_1/109.jpg,558,445,590,475,car
/media/santosh/newdrive/prafulla/aerial_motion_dataset/0_aerial_final_dataset/la_part_1_2_3/la_part_1/109.jpg,561,377,592,409,car
/media/santosh/newdrive/prafulla/aerial_motion_dataset/0_aerial_final_dataset/la_part_1_2_3/la_part_1/109.jpg,170,115,196,161,car
/media/santosh/newdrive/prafulla/aerial_motion_dataset/0_aerial_final_dataset/la_part_1_2_3/la_part_1/11.jpg,322,254,355,291,car
/media/santosh/newdrive/prafulla/aerial_motion_dataset/0_aerial_final_dataset/la_part_1_2_3/la_part_1/11.jpg,435,292,466,328,car
/media/santosh/newdrive/prafulla/aerial_motion_dataset/0_aerial_final_dataset/la_part_1_2_3/la_part_1/11.jpg,447,332,476,367,car
/media/santosh/newdrive/prafulla/aerial_motion_dataset/0_aerial_final_dataset/la_part_1_2_3/la_part_1/110.jpg,558,381,589,410,car
/media/santosh/newdrive/prafulla/aerial_motion_dataset/0_aerial_final_dataset/la_part_1_2_3/la_part_1/110.jpg,560,441,591,478,car
/media/santosh/newdrive/prafulla/aerial_motion_dataset/0_aerial_final_dataset/la_part_1_2_3/la_part_1/110.jpg,167,112,193,155,car
/media/santosh/newdrive/prafulla/aerial_motion_dataset/0_aerial_final_dataset/la_part_1_2_3/la_part_1/111.jpg,166,110,192,153,car
/media/santosh/newdrive/prafulla/aerial_motion_dataset/0_aerial_final_dataset/la_part_1_2_3/la_part_1/111.jpg,553,381,587,413,car
/media/santosh/newdrive/prafulla/aerial_motion_dataset/0_aerial_final_dataset/la_part_1_2_3/la_part_1/111.jpg,564,445,594,479,car
/media/santosh/newdrive/prafulla/aerial_motion_dataset/0_aerial_final_dataset/la_part_1_2_3/la_part_1/112.jpg,163,108,188,154,car
/media/santosh/newdrive/prafulla/aerial_motion_dataset/0_aerial_final_dataset/la_part_1_2_3/la_part_1/112.jpg,551,382,583,411,car
/media/santosh/newdrive/prafulla/aerial_motion_dataset/0_aerial_final_dataset/la_part_1_2_3/la_part_1/112.jpg,564,447,596,480,car
/media/santosh/newdrive/prafulla/aerial_motion_dataset/0_aerial_final_dataset/la_part_1_2_3/la_part_1/113.jpg,161,105,185,149,car
/media/santosh/newdrive/prafulla/aerial_motion_dataset/0_aerial_final_dataset/la_part_1_2_3/la_part_1/113.jpg,549,384,579,416,car
/media/santosh/newdrive/prafulla/aerial_motion_dataset/0_aerial_final_dataset/la_part_1_2_3/la_part_1/113.jpg,566,446,601,479,car
/media/santosh/newdrive/prafulla/aerial_motion_dataset/0_aerial_final_dataset/la_part_1_2_3/la_part_1/114.jpg,568,449,602,481,car
/media/santosh/newdrive/prafulla/aerial_motion_dataset/0_aerial_final_dataset/la_part_1_2_3/la_part_1/114.jpg,547,387,577,417,car
/media/santosh/newdrive/prafulla/aerial_motion_dataset/0_aerial_final_dataset/la_part_1_2_3/la_part_1/114.jpg,158,100,185,146,car
/media/santosh/newdrive/prafulla/aerial_motion_dataset/0_aerial_final_dataset/la_part_1_2_3/la_part_1/115.jpg,158,101,183,142,car
/media/santosh/newdrive/prafulla/aerial_motion_dataset/0_aerial_final_dataset/la_part_1_2_3/la_part_1/115.jpg,543,388,575,419,car
/media/santosh/newdrive/prafulla/aerial_motion_dataset/0_aerial_final_dataset/la_part_1_2_3/la_part_1/115.jpg,573,451,602,483,car
/media/santosh/newdrive/prafulla/aerial_motion_dataset/0_aerial_final_dataset/la_part_1_2_3/la_part_1/116.jpg,153,94,178,142,car
/media/santosh/newdrive/prafulla/aerial_motion_dataset/0_aerial_final_dataset/la_part_1_2_3/la_part_1/116.jpg,539,389,572,419,car
/media/santosh/newdrive/prafulla/aerial_motion_dataset/0_aerial_final_dataset/la_part_1_2_3/la_part_1/116.jpg,576,453,603,482,car
/media/santosh/newdrive/prafulla/aerial_motion_dataset/0_aerial_final_dataset/la_part_1_2_3/la_part_1/117.jpg,538,388,570,419,car
/media/santosh/newdrive/prafulla/aerial_motion_dataset/0_aerial_final_dataset/la_part_1_2_3/la_part_1/117.jpg,577,453,608,485,car
/media/santosh/newdrive/prafulla/aerial_motion_dataset/0_aerial_final_dataset/la_part_1_2_3/la_part_1/117.jpg,152,96,175,137,car
/media/santosh/newdrive/prafulla/aerial_motion_dataset/0_aerial_final_dataset/la_part_1_2_3/la_part_1/118.jpg,152,90,173,133,car
/media/santosh/newdrive/prafulla/aerial_motion_dataset/0_aerial_final_dataset/la_part_1_2_3/la_part_1/118.jpg,534,392,564,421,car
/media/santosh/newdrive/prafulla/aerial_motion_dataset/0_aerial_final_dataset/la_part_1_2_3/la_part_1/118.jpg,582,453,608,487,car
/media/santosh/newdrive/prafulla/aerial_motion_dataset/0_aerial_final_dataset/la_part_1_2_3/la_part_1/119.jpg,147,90,172,137,car
/media/santosh/newdrive/prafulla/aerial_motion_dataset/0_aerial_final_dataset/la_part_1_2_3/la_part_1/119.jpg,531,392,563,423,car
/media/santosh/newdrive/prafulla/aerial_motion_dataset/0_aerial_final_dataset/la_part_1_2_3/la_part_1/119.jpg,583,457,608,489,car
/media/santosh/newdrive/prafulla/aerial_motion_dataset/0_aerial_final_dataset/la_part_1_2_3/la_part_1/12.jpg,326,255,355,294,car
/media/santosh/newdrive/prafulla/aerial_motion_dataset/0_aerial_final_dataset/la_part_1_2_3/la_part_1/12.jpg,433,292,465,325,car
/media/santosh/newdrive/prafulla/aerial_motion_dataset/0_aerial_final_dataset/la_part_1_2_3/la_part_1/12.jpg,449,333,480,367,car
/media/santosh/newdrive/prafulla/aerial_motion_dataset/0_aerial_final_dataset/la_part_1_2_3/la_part_1/120.jpg,147,87,169,129,car
/media/santosh/newdrive/prafulla/aerial_motion_dataset/0_aerial_final_dataset/la_part_1_2_3/la_part_1/120.jpg,529,392,560,425,car
/media/santosh/newdrive/prafulla/aerial_motion_dataset/0_aerial_final_dataset/la_part_1_2_3/la_part_1/120.jpg,585,456,608,494,car
/media/santosh/newdrive/prafulla/aerial_motion_dataset/0_aerial_final_dataset/la_part_1_2_3/la_part_1/121.jpg,145,85,167,127,car
/media/santosh/newdrive/prafulla/aerial_motion_dataset/0_aerial_final_dataset/la_part_1_2_3/la_part_1/121.jpg,526,393,558,425,car
/media/santosh/newdrive/prafulla/aerial_motion_dataset/0_aerial_final_dataset/la_part_1_2_3/la_part_1/121.jpg,585,456,608,490,car
/media/santosh/newdrive/prafulla/aerial_motion_dataset/0_aerial_final_dataset/la_part_1_2_3/la_part_1/122.jpg,142,82,167,126,car
/media/santosh/newdrive/prafulla/aerial_motion_dataset/0_aerial_final_dataset/la_part_1_2_3/la_part_1/122.jpg,521,395,555,425,car
/media/santosh/newdrive/prafulla/aerial_motion_dataset/0_aerial_final_dataset/la_part_1_2_3/la_part_1/122.jpg,591,459,608,492,car
/media/santosh/newdrive/prafulla/aerial_motion_dataset/0_aerial_final_dataset/la_part_1_2_3/la_part_1/123.jpg,139,79,163,122,car
/media/santosh/newdrive/prafulla/aerial_motion_dataset/0_aerial_final_dataset/la_part_1_2_3/la_part_1/123.jpg,519,396,551,427,car
/media/santosh/newdrive/prafulla/aerial_motion_dataset/0_aerial_final_dataset/la_part_1_2_3/la_part_1/123.jpg,591,463,608,494,car
/media/santosh/newdrive/prafulla/aerial_motion_dataset/0_aerial_final_dataset/la_part_1_2_3/la_part_1/123.jpg,63,3,89,42,car
/media/santosh/newdrive/prafulla/aerial_motion_dataset/0_aerial_final_dataset/la_part_1_2_3/la_part_1/124.jpg,138,76,162,114,car
/media/santosh/newdrive/prafulla/aerial_motion_dataset/0_aerial_final_dataset/la_part_1_2_3/la_part_1/124.jpg,66,1,93,52,car
/media/santosh/newdrive/prafulla/aerial_motion_dataset/0_aerial_final_dataset/la_part_1_2_3/la_part_1/124.jpg,515,395,551,431,car
/media/santosh/newdrive/prafulla/aerial_motion_dataset/0_aerial_final_dataset/la_part_1_2_3/la_part_1/125.jpg,513,396,551,432,car
/media/santosh/newdrive/prafulla/aerial_motion_dataset/0_aerial_final_dataset/la_part_1_2_3/la_part_1/125.jpg,134,73,160,117,car
/media/santosh/newdrive/prafulla/aerial_motion_dataset/0_aerial_final_dataset/la_part_1_2_3/la_part_1/125.jpg,66,3,92,54,car
/media/santosh/newdrive/prafulla/aerial_motion_dataset/0_aerial_final_dataset/la_part_1_2_3/la_part_1/126.jpg,69,9,94,55,car
/media/santosh/newdrive/prafulla/aerial_motion_dataset/0_aerial_final_dataset/la_part_1_2_3/la_part_1/126.jpg,133,69,158,113,car
/media/santosh/newdrive/prafulla/aerial_motion_dataset/0_aerial_final_dataset/la_part_1_2_3/la_part_1/126.jpg,510,398,543,431,car
/media/santosh/newdrive/prafulla/aerial_motion_dataset/0_aerial_final_dataset/la_part_1_2_3/la_part_1/127.jpg,509,403,540,434,car
/media/santosh/newdrive/prafulla/aerial_motion_dataset/0_aerial_final_dataset/la_part_1_2_3/la_part_1/127.jpg,131,61,154,109,car
/media/santosh/newdrive/prafulla/aerial_motion_dataset/0_aerial_final_dataset/la_part_1_2_3/la_part_1/127.jpg,70,15,96,60,car
/media/santosh/newdrive/prafulla/aerial_motion_dataset/0_aerial_final_dataset/la_part_1_2_3/la_part_1/128.jpg,73,23,96,61,car
/media/santosh/newdrive/prafulla/aerial_motion_dataset/0_aerial_final_dataset/la_part_1_2_3/la_part_1/128.jpg,130,63,152,107,car
/media/santosh/newdrive/prafulla/aerial_motion_dataset/0_aerial_final_dataset/la_part_1_2_3/la_part_1/128.jpg,505,402,538,431,car
/media/santosh/newdrive/prafulla/aerial_motion_dataset/0_aerial_final_dataset/la_part_1_2_3/la_part_1/129.jpg,74,23,99,69,car
/media/santosh/newdrive/prafulla/aerial_motion_dataset/0_aerial_final_dataset/la_part_1_2_3/la_part_1/129.jpg,126,64,149,103,car
/media/santosh/newdrive/prafulla/aerial_motion_dataset/0_aerial_final_dataset/la_part_1_2_3/la_part_1/129.jpg,503,401,532,435,car
/media/santosh/newdrive/prafulla/aerial_motion_dataset/0_aerial_final_dataset/la_part_1_2_3/la_part_1/13.jpg,328,258,355,296,car
/media/santosh/newdrive/prafulla/aerial_motion_dataset/0_aerial_final_dataset/la_part_1_2_3/la_part_1/13.jpg,430,291,456,328,car
/media/santosh/newdrive/prafulla/aerial_motion_dataset/0_aerial_final_dataset/la_part_1_2_3/la_part_1/13.jpg,453,333,485,368,car
/media/santosh/newdrive/prafulla/aerial_motion_dataset/0_aerial_final_dataset/la_part_1_2_3/la_part_1/130.jpg,76,29,101,75,car
/media/santosh/newdrive/prafulla/aerial_motion_dataset/0_aerial_final_dataset/la_part_1_2_3/la_part_1/130.jpg,126,61,149,103,car
/media/santosh/newdrive/prafulla/aerial_motion_dataset/0_aerial_final_dataset/la_part_1_2_3/la_part_1/130.jpg,500,403,530,438,car
/media/santosh/newdrive/prafulla/aerial_motion_dataset/0_aerial_final_dataset/la_part_1_2_3/la_part_1/131.jpg,497,404,528,443,car
/media/santosh/newdrive/prafulla/aerial_motion_dataset/0_aerial_final_dataset/la_part_1_2_3/la_part_1/131.jpg,124,57,146,98,car
/media/santosh/newdrive/prafulla/aerial_motion_dataset/0_aerial_final_dataset/la_part_1_2_3/la_part_1/131.jpg,79,36,103,78,car
/media/santosh/newdrive/prafulla/aerial_motion_dataset/0_aerial_final_dataset/la_part_1_2_3/la_part_1/132.jpg,80,38,104,83,car
/media/santosh/newdrive/prafulla/aerial_motion_dataset/0_aerial_final_dataset/la_part_1_2_3/la_part_1/132.jpg,122,52,145,96,car
/media/santosh/newdrive/prafulla/aerial_motion_dataset/0_aerial_final_dataset/la_part_1_2_3/la_part_1/132.jpg,496,409,522,438,car
/media/santosh/newdrive/prafulla/aerial_motion_dataset/0_aerial_final_dataset/la_part_1_2_3/la_part_1/133.jpg,491,411,521,440,car
/media/santosh/newdrive/prafulla/aerial_motion_dataset/0_aerial_final_dataset/la_part_1_2_3/la_part_1/133.jpg,80,42,105,91,car
/media/santosh/newdrive/prafulla/aerial_motion_dataset/0_aerial_final_dataset/la_part_1_2_3/la_part_1/133.jpg,117,50,142,94,car
/media/santosh/newdrive/prafulla/aerial_motion_dataset/0_aerial_final_dataset/la_part_1_2_3/la_part_1/133.jpg,39,0,72,41,car
/media/santosh/newdrive/prafulla/aerial_motion_dataset/0_aerial_final_dataset/la_part_1_2_3/la_part_1/134.jpg,84,50,107,94,car
/media/santosh/newdrive/prafulla/aerial_motion_dataset/0_aerial_final_dataset/la_part_1_2_3/la_part_1/134.jpg,116,50,140,88,car
/media/santosh/newdrive/prafulla/aerial_motion_dataset/0_aerial_final_dataset/la_part_1_2_3/la_part_1/134.jpg,488,409,518,444,car
/media/santosh/newdrive/prafulla/aerial_motion_dataset/0_aerial_final_dataset/la_part_1_2_3/la_part_1/134.jpg,47,1,71,43,car
/media/santosh/newdrive/prafulla/aerial_motion_dataset/0_aerial_final_dataset/la_part_1_2_3/la_part_1/135.jpg,485,406,513,446,car
/media/santosh/newdrive/prafulla/aerial_motion_dataset/0_aerial_final_dataset/la_part_1_2_3/la_part_1/135.jpg,115,42,138,87,car
/media/santosh/newdrive/prafulla/aerial_motion_dataset/0_aerial_final_dataset/la_part_1_2_3/la_part_1/135.jpg,86,54,109,97,car
/media/santosh/newdrive/prafulla/aerial_motion_dataset/0_aerial_final_dataset/la_part_1_2_3/la_part_1/135.jpg,45,3,70,49,car
/media/santosh/newdrive/prafulla/aerial_motion_dataset/0_aerial_final_dataset/la_part_1_2_3/la_part_1/136.jpg,46,6,74,52,car
/media/santosh/newdrive/prafulla/aerial_motion_dataset/0_aerial_final_dataset/la_part_1_2_3/la_part_1/136.jpg,87,57,112,104,car
/media/santosh/newdrive/prafulla/aerial_motion_dataset/0_aerial_final_dataset/la_part_1_2_3/la_part_1/136.jpg,113,41,134,86,car
/media/santosh/newdrive/prafulla/aerial_motion_dataset/0_aerial_final_dataset/la_part_1_2_3/la_part_1/136.jpg,483,411,513,445,car
/media/santosh/newdrive/prafulla/aerial_motion_dataset/0_aerial_final_dataset/la_part_1_2_3/la_part_1/137.jpg,481,413,509,444,car
/media/santosh/newdrive/prafulla/aerial_motion_dataset/0_aerial_final_dataset/la_part_1_2_3/la_part_1/137.jpg,110,41,133,82,car
/media/santosh/newdrive/prafulla/aerial_motion_dataset/0_aerial_final_dataset/la_part_1_2_3/la_part_1/137.jpg,50,15,74,58,car
/media/santosh/newdrive/prafulla/aerial_motion_dataset/0_aerial_final_dataset/la_part_1_2_3/la_part_1/137.jpg,89,64,114,109,car
/media/santosh/newdrive/prafulla/aerial_motion_dataset/0_aerial_final_dataset/la_part_1_2_3/la_part_1/138.jpg,53,18,77,66,car
/media/santosh/newdrive/prafulla/aerial_motion_dataset/0_aerial_final_dataset/la_part_1_2_3/la_part_1/138.jpg,91,69,115,114,car
/media/santosh/newdrive/prafulla/aerial_motion_dataset/0_aerial_final_dataset/la_part_1_2_3/la_part_1/138.jpg,107,33,130,80,car
/media/santosh/newdrive/prafulla/aerial_motion_dataset/0_aerial_final_dataset/la_part_1_2_3/la_part_1/138.jpg,477,409,505,447,car
/media/santosh/newdrive/prafulla/aerial_motion_dataset/0_aerial_final_dataset/la_part_1_2_3/la_part_1/139.jpg,475,412,505,446,car
/media/santosh/newdrive/prafulla/aerial_motion_dataset/0_aerial_final_dataset/la_part_1_2_3/la_part_1/139.jpg,54,25,81,67,car
/media/santosh/newdrive/prafulla/aerial_motion_dataset/0_aerial_final_dataset/la_part_1_2_3/la_part_1/139.jpg,93,69,120,117,car
/media/santosh/newdrive/prafulla/aerial_motion_dataset/0_aerial_final_dataset/la_part_1_2_3/la_part_1/139.jpg,107,33,126,73,car
/media/santosh/newdrive/prafulla/aerial_motion_dataset/0_aerial_final_dataset/la_part_1_2_3/la_part_1/14.jpg,330,260,358,296,car
/media/santosh/newdrive/prafulla/aerial_motion_dataset/0_aerial_final_dataset/la_part_1_2_3/la_part_1/14.jpg,428,291,454,322,car
/media/santosh/newdrive/prafulla/aerial_motion_dataset/0_aerial_final_dataset/la_part_1_2_3/la_part_1/14.jpg,456,334,483,368,car
/media/santosh/newdrive/prafulla/aerial_motion_dataset/0_aerial_final_dataset/la_part_1_2_3/la_part_1/140.jpg,56,29,81,75,car
/media/santosh/newdrive/prafulla/aerial_motion_dataset/0_aerial_final_dataset/la_part_1_2_3/la_part_1/140.jpg,94,77,119,122,car
/media/santosh/newdrive/prafulla/aerial_motion_dataset/0_aerial_final_dataset/la_part_1_2_3/la_part_1/140.jpg,107,33,126,78,car
/media/santosh/newdrive/prafulla/aerial_motion_dataset/0_aerial_final_dataset/la_part_1_2_3/la_part_1/140.jpg,472,415,502,447,car
/media/santosh/newdrive/prafulla/aerial_motion_dataset/0_aerial_final_dataset/la_part_1_2_3/la_part_1/141.jpg,470,417,498,447,car
/media/santosh/newdrive/prafulla/aerial_motion_dataset/0_aerial_final_dataset/la_part_1_2_3/la_part_1/141.jpg,59,38,83,81,car
/media/santosh/newdrive/prafulla/aerial_motion_dataset/0_aerial_final_dataset/la_part_1_2_3/la_part_1/141.jpg,102,29,124,73,car
/media/santosh/newdrive/prafulla/aerial_motion_dataset/0_aerial_final_dataset/la_part_1_2_3/la_part_1/141.jpg,94,83,122,127,car
/media/santosh/newdrive/prafulla/aerial_motion_dataset/0_aerial_final_dataset/la_part_1_2_3/la_part_1/142.jpg,468,416,494,446,car
/media/santosh/newdrive/prafulla/aerial_motion_dataset/0_aerial_final_dataset/la_part_1_2_3/la_part_1/142.jpg,101,28,122,68,car
/media/santosh/newdrive/prafulla/aerial_motion_dataset/0_aerial_final_dataset/la_part_1_2_3/la_part_1/142.jpg,96,83,123,132,car
/media/santosh/newdrive/prafulla/aerial_motion_dataset/0_aerial_final_dataset/la_part_1_2_3/la_part_1/142.jpg,61,43,86,85,car
/media/santosh/newdrive/prafulla/aerial_motion_dataset/0_aerial_final_dataset/la_part_1_2_3/la_part_1/143.jpg,62,48,88,91,car
/media/santosh/newdrive/prafulla/aerial_motion_dataset/0_aerial_final_dataset/la_part_1_2_3/la_part_1/143.jpg,98,24,121,65,car
/media/santosh/newdrive/prafulla/aerial_motion_dataset/0_aerial_final_dataset/la_part_1_2_3/la_part_1/143.jpg,98,88,125,137,car
/media/santosh/newdrive/prafulla/aerial_motion_dataset/0_aerial_final_dataset/la_part_1_2_3/la_part_1/143.jpg,462,416,491,448,car
/media/santosh/newdrive/prafulla/aerial_motion_dataset/0_aerial_final_dataset/la_part_1_2_3/la_part_1/144.jpg,460,417,487,449,car
/media/santosh/newdrive/prafulla/aerial_motion_dataset/0_aerial_final_dataset/la_part_1_2_3/la_part_1/144.jpg,103,96,128,141,car
/media/santosh/newdrive/prafulla/aerial_motion_dataset/0_aerial_final_dataset/la_part_1_2_3/la_part_1/144.jpg,96,23,116,63,car
/media/santosh/newdrive/prafulla/aerial_motion_dataset/0_aerial_final_dataset/la_part_1_2_3/la_part_1/144.jpg,63,48,90,97,car
/media/santosh/newdrive/prafulla/aerial_motion_dataset/0_aerial_final_dataset/la_part_1_2_3/la_part_1/145.jpg,66,57,92,102,car
/media/santosh/newdrive/prafulla/aerial_motion_dataset/0_aerial_final_dataset/la_part_1_2_3/la_part_1/145.jpg,94,18,115,61,car
/media/santosh/newdrive/prafulla/aerial_motion_dataset/0_aerial_final_dataset/la_part_1_2_3/la_part_1/145.jpg,103,98,129,144,car
/media/santosh/newdrive/prafulla/aerial_motion_dataset/0_aerial_final_dataset/la_part_1_2_3/la_part_1/145.jpg,456,417,484,450,car
/media/santosh/newdrive/prafulla/aerial_motion_dataset/0_aerial_final_dataset/la_part_1_2_3/la_part_1/146.jpg,457,418,484,450,car
/media/santosh/newdrive/prafulla/aerial_motion_dataset/0_aerial_final_dataset/la_part_1_2_3/la_part_1/146.jpg,90,11,115,58,car
/media/santosh/newdrive/prafulla/aerial_motion_dataset/0_aerial_final_dataset/la_part_1_2_3/la_part_1/146.jpg,66,61,94,106,car
/media/santosh/newdrive/prafulla/aerial_motion_dataset/0_aerial_final_dataset/la_part_1_2_3/la_part_1/146.jpg,105,106,131,148,car
/media/santosh/newdrive/prafulla/aerial_motion_dataset/0_aerial_final_dataset/la_part_1_2_3/la_part_1/147.jpg,90,12,113,58,car
/media/santosh/newdrive/prafulla/aerial_motion_dataset/0_aerial_final_dataset/la_part_1_2_3/la_part_1/147.jpg,69,68,95,110,car
/media/santosh/newdrive/prafulla/aerial_motion_dataset/0_aerial_final_dataset/la_part_1_2_3/la_part_1/147.jpg,108,107,133,155,car
/media/santosh/newdrive/prafulla/aerial_motion_dataset/0_aerial_final_dataset/la_part_1_2_3/la_part_1/147.jpg,451,419,478,450,car
/media/santosh/newdrive/prafulla/aerial_motion_dataset/0_aerial_final_dataset/la_part_1_2_3/la_part_1/148.jpg,449,424,475,452,car
/media/santosh/newdrive/prafulla/aerial_motion_dataset/0_aerial_final_dataset/la_part_1_2_3/la_part_1/148.jpg,110,120,135,161,car
/media/santosh/newdrive/prafulla/aerial_motion_dataset/0_aerial_final_dataset/la_part_1_2_3/la_part_1/148.jpg,71,72,98,119,car
/media/santosh/newdrive/prafulla/aerial_motion_dataset/0_aerial_final_dataset/la_part_1_2_3/la_part_1/148.jpg,87,15,107,55,car
/media/santosh/newdrive/prafulla/aerial_motion_dataset/0_aerial_final_dataset/la_part_1_2_3/la_part_1/149.jpg,86,9,105,52,car
/media/santosh/newdrive/prafulla/aerial_motion_dataset/0_aerial_final_dataset/la_part_1_2_3/la_part_1/149.jpg,74,79,97,125,car
/media/santosh/newdrive/prafulla/aerial_motion_dataset/0_aerial_final_dataset/la_part_1_2_3/la_part_1/149.jpg,112,122,134,166,car
/media/santosh/newdrive/prafulla/aerial_motion_dataset/0_aerial_final_dataset/la_part_1_2_3/la_part_1/149.jpg,447,419,473,458,car
/media/santosh/newdrive/prafulla/aerial_motion_dataset/0_aerial_final_dataset/la_part_1_2_3/la_part_1/15.jpg,334,264,358,300,car
/media/santosh/newdrive/prafulla/aerial_motion_dataset/0_aerial_final_dataset/la_part_1_2_3/la_part_1/15.jpg,426,291,449,328,car
/media/santosh/newdrive/prafulla/aerial_motion_dataset/0_aerial_final_dataset/la_part_1_2_3/la_part_1/15.jpg,459,337,485,370,car
/media/santosh/newdrive/prafulla/aerial_motion_dataset/0_aerial_final_dataset/la_part_1_2_3/la_part_1/150.jpg,83,5,107,50,car
/media/santosh/newdrive/prafulla/aerial_motion_dataset/0_aerial_final_dataset/la_part_1_2_3/la_part_1/150.jpg,76,87,101,129,car
/media/santosh/newdrive/prafulla/aerial_motion_dataset/0_aerial_final_dataset/la_part_1_2_3/la_part_1/150.jpg,113,129,138,171,car
/media/santosh/newdrive/prafulla/aerial_motion_dataset/0_aerial_final_dataset/la_part_1_2_3/la_part_1/150.jpg,445,423,470,454,car
/media/santosh/newdrive/prafulla/aerial_motion_dataset/0_aerial_final_dataset/la_part_1_2_3/la_part_1/151.jpg,443,425,467,453,car
/media/santosh/newdrive/prafulla/aerial_motion_dataset/0_aerial_final_dataset/la_part_1_2_3/la_part_1/151.jpg,81,5,102,46,car
/media/santosh/newdrive/prafulla/aerial_motion_dataset/0_aerial_final_dataset/la_part_1_2_3/la_part_1/151.jpg,79,94,102,133,car
/media/santosh/newdrive/prafulla/aerial_motion_dataset/0_aerial_final_dataset/la_part_1_2_3/la_part_1/151.jpg,116,133,139,177,car
/media/santosh/newdrive/prafulla/aerial_motion_dataset/0_aerial_final_dataset/la_part_1_2_3/la_part_1/152.jpg,80,2,100,41,car
/media/santosh/newdrive/prafulla/aerial_motion_dataset/0_aerial_final_dataset/la_part_1_2_3/la_part_1/152.jpg,81,96,104,141,car
/media/santosh/newdrive/prafulla/aerial_motion_dataset/0_aerial_final_dataset/la_part_1_2_3/la_part_1/152.jpg,116,135,141,178,car
/media/santosh/newdrive/prafulla/aerial_motion_dataset/0_aerial_final_dataset/la_part_1_2_3/la_part_1/152.jpg,438,420,464,459,car
/media/santosh/newdrive/prafulla/aerial_motion_dataset/0_aerial_final_dataset/la_part_1_2_3/la_part_1/153.jpg,436,423,463,455,car
/media/santosh/newdrive/prafulla/aerial_motion_dataset/0_aerial_final_dataset/la_part_1_2_3/la_part_1/153.jpg,118,140,143,185,car
/media/santosh/newdrive/prafulla/aerial_motion_dataset/0_aerial_final_dataset/la_part_1_2_3/la_part_1/153.jpg,76,1,98,41,car
/media/santosh/newdrive/prafulla/aerial_motion_dataset/0_aerial_final_dataset/la_part_1_2_3/la_part_1/153.jpg,83,103,109,145,car
/media/santosh/newdrive/prafulla/aerial_motion_dataset/0_aerial_final_dataset/la_part_1_2_3/la_part_1/154.jpg,74,0,95,38,car
/media/santosh/newdrive/prafulla/aerial_motion_dataset/0_aerial_final_dataset/la_part_1_2_3/la_part_1/154.jpg,84,107,109,149,car
/media/santosh/newdrive/prafulla/aerial_motion_dataset/0_aerial_final_dataset/la_part_1_2_3/la_part_1/154.jpg,119,143,144,189,car
/media/santosh/newdrive/prafulla/aerial_motion_dataset/0_aerial_final_dataset/la_part_1_2_3/la_part_1/154.jpg,433,424,460,459,car
/media/santosh/newdrive/prafulla/aerial_motion_dataset/0_aerial_final_dataset/la_part_1_2_3/la_part_1/155.jpg,430,423,456,458,car
/media/santosh/newdrive/prafulla/aerial_motion_dataset/0_aerial_final_dataset/la_part_1_2_3/la_part_1/155.jpg,122,152,146,193,car
/media/santosh/newdrive/prafulla/aerial_motion_dataset/0_aerial_final_dataset/la_part_1_2_3/la_part_1/155.jpg,86,114,113,159,car
/media/santosh/newdrive/prafulla/aerial_motion_dataset/0_aerial_final_dataset/la_part_1_2_3/la_part_1/155.jpg,73,1,94,34,car
/media/santosh/newdrive/prafulla/aerial_motion_dataset/0_aerial_final_dataset/la_part_1_2_3/la_part_1/156.jpg,70,1,92,33,car
/media/santosh/newdrive/prafulla/aerial_motion_dataset/0_aerial_final_dataset/la_part_1_2_3/la_part_1/156.jpg,88,121,115,166,car
/media/santosh/newdrive/prafulla/aerial_motion_dataset/0_aerial_final_dataset/la_part_1_2_3/la_part_1/156.jpg,122,154,149,200,car
/media/santosh/newdrive/prafulla/aerial_motion_dataset/0_aerial_final_dataset/la_part_1_2_3/la_part_1/156.jpg,426,421,453,458,car
/media/santosh/newdrive/prafulla/aerial_motion_dataset/0_aerial_final_dataset/la_part_1_2_3/la_part_1/157.jpg,427,427,450,458,car
/media/santosh/newdrive/prafulla/aerial_motion_dataset/0_aerial_final_dataset/la_part_1_2_3/la_part_1/157.jpg,127,163,150,204,car
/media/santosh/newdrive/prafulla/aerial_motion_dataset/0_aerial_final_dataset/la_part_1_2_3/la_part_1/157.jpg,92,127,114,167,car
/media/santosh/newdrive/prafulla/aerial_motion_dataset/0_aerial_final_dataset/la_part_1_2_3/la_part_1/157.jpg,66,1,90,29,car
/media/santosh/newdrive/prafulla/aerial_motion_dataset/0_aerial_final_dataset/la_part_1_2_3/la_part_1/158.jpg,423,428,448,457,car
/media/santosh/newdrive/prafulla/aerial_motion_dataset/0_aerial_final_dataset/la_part_1_2_3/la_part_1/158.jpg,91,128,120,175,car
/media/santosh/newdrive/prafulla/aerial_motion_dataset/0_aerial_final_dataset/la_part_1_2_3/la_part_1/158.jpg,128,167,152,207,car
/media/santosh/newdrive/prafulla/aerial_motion_dataset/0_aerial_final_dataset/la_part_1_2_3/la_part_1/159.jpg,420,426,447,458,car
/media/santosh/newdrive/prafulla/aerial_motion_dataset/0_aerial_final_dataset/la_part_1_2_3/la_part_1/159.jpg,130,173,155,215,car
/media/santosh/newdrive/prafulla/aerial_motion_dataset/0_aerial_final_dataset/la_part_1_2_3/la_part_1/159.jpg,93,133,122,178,car
/media/santosh/newdrive/prafulla/aerial_motion_dataset/0_aerial_final_dataset/la_part_1_2_3/la_part_1/16.jpg,335,264,362,300,car
/media/santosh/newdrive/prafulla/aerial_motion_dataset/0_aerial_final_dataset/la_part_1_2_3/la_part_1/16.jpg,423,291,452,322,car
/media/santosh/newdrive/prafulla/aerial_motion_dataset/0_aerial_final_dataset/la_part_1_2_3/la_part_1/16.jpg,463,341,488,371,car
/media/santosh/newdrive/prafulla/aerial_motion_dataset/0_aerial_final_dataset/la_part_1_2_3/la_part_1/160.jpg,416,425,443,459,car
/media/santosh/newdrive/prafulla/aerial_motion_dataset/0_aerial_final_dataset/la_part_1_2_3/la_part_1/160.jpg,132,178,155,217,car
/media/santosh/newdrive/prafulla/aerial_motion_dataset/0_aerial_final_dataset/la_part_1_2_3/la_part_1/160.jpg,98,142,121,182,car
/media/santosh/newdrive/prafulla/aerial_motion_dataset/0_aerial_final_dataset/la_part_1_2_3/la_part_1/161.jpg,100,148,122,189,car
/media/santosh/newdrive/prafulla/aerial_motion_dataset/0_aerial_final_dataset/la_part_1_2_3/la_part_1/161.jpg,134,181,158,222,car
/media/santosh/newdrive/prafulla/aerial_motion_dataset/0_aerial_final_dataset/la_part_1_2_3/la_part_1/161.jpg,414,427,440,458,car
/media/santosh/newdrive/prafulla/aerial_motion_dataset/0_aerial_final_dataset/la_part_1_2_3/la_part_1/162.jpg,411,429,437,459,car
/media/santosh/newdrive/prafulla/aerial_motion_dataset/0_aerial_final_dataset/la_part_1_2_3/la_part_1/162.jpg,136,188,159,226,car
/media/santosh/newdrive/prafulla/aerial_motion_dataset/0_aerial_final_dataset/la_part_1_2_3/la_part_1/162.jpg,102,155,126,193,car
/media/santosh/newdrive/prafulla/aerial_motion_dataset/0_aerial_final_dataset/la_part_1_2_3/la_part_1/163.jpg,104,158,128,200,car
/media/santosh/newdrive/prafulla/aerial_motion_dataset/0_aerial_final_dataset/la_part_1_2_3/la_part_1/163.jpg,137,189,162,232,car
/media/santosh/newdrive/prafulla/aerial_motion_dataset/0_aerial_final_dataset/la_part_1_2_3/la_part_1/163.jpg,409,427,436,459,car
/media/santosh/newdrive/prafulla/aerial_motion_dataset/0_aerial_final_dataset/la_part_1_2_3/la_part_1/164.jpg,404,427,432,458,car
/media/santosh/newdrive/prafulla/aerial_motion_dataset/0_aerial_final_dataset/la_part_1_2_3/la_part_1/164.jpg,138,197,164,238,car
/media/santosh/newdrive/prafulla/aerial_motion_dataset/0_aerial_final_dataset/la_part_1_2_3/la_part_1/164.jpg,105,163,128,206,car
/media/santosh/newdrive/prafulla/aerial_motion_dataset/0_aerial_final_dataset/la_part_1_2_3/la_part_1/165.jpg,106,170,132,211,car
/media/santosh/newdrive/prafulla/aerial_motion_dataset/0_aerial_final_dataset/la_part_1_2_3/la_part_1/165.jpg,139,195,167,245,car
/media/santosh/newdrive/prafulla/aerial_motion_dataset/0_aerial_final_dataset/la_part_1_2_3/la_part_1/165.jpg,401,424,435,461,car
/media/santosh/newdrive/prafulla/aerial_motion_dataset/0_aerial_final_dataset/la_part_1_2_3/la_part_1/166.jpg,400,425,428,462,car
/media/santosh/newdrive/prafulla/aerial_motion_dataset/0_aerial_final_dataset/la_part_1_2_3/la_part_1/166.jpg,141,208,168,249,car
/media/santosh/newdrive/prafulla/aerial_motion_dataset/0_aerial_final_dataset/la_part_1_2_3/la_part_1/166.jpg,111,173,136,218,car
/media/santosh/newdrive/prafulla/aerial_motion_dataset/0_aerial_final_dataset/la_part_1_2_3/la_part_1/167.jpg,111,176,137,225,car
/media/santosh/newdrive/prafulla/aerial_motion_dataset/0_aerial_final_dataset/la_part_1_2_3/la_part_1/167.jpg,145,212,169,253,car
/media/santosh/newdrive/prafulla/aerial_motion_dataset/0_aerial_final_dataset/la_part_1_2_3/la_part_1/167.jpg,398,427,425,459,car
/media/santosh/newdrive/prafulla/aerial_motion_dataset/0_aerial_final_dataset/la_part_1_2_3/la_part_1/168.jpg,395,428,421,462,car
/media/santosh/newdrive/prafulla/aerial_motion_dataset/0_aerial_final_dataset/la_part_1_2_3/la_part_1/168.jpg,147,218,171,257,car
/media/santosh/newdrive/prafulla/aerial_motion_dataset/0_aerial_final_dataset/la_part_1_2_3/la_part_1/168.jpg,114,190,138,230,car
/media/santosh/newdrive/prafulla/aerial_motion_dataset/0_aerial_final_dataset/la_part_1_2_3/la_part_1/168.jpg,23,1,54,33,car
/media/santosh/newdrive/prafulla/aerial_motion_dataset/0_aerial_final_dataset/la_part_1_2_3/la_part_1/169.jpg,25,2,57,38,car
/media/santosh/newdrive/prafulla/aerial_motion_dataset/0_aerial_final_dataset/la_part_1_2_3/la_part_1/169.jpg,113,193,141,231,car
/media/santosh/newdrive/prafulla/aerial_motion_dataset/0_aerial_final_dataset/la_part_1_2_3/la_part_1/169.jpg,148,220,173,261,car
/media/santosh/newdrive/prafulla/aerial_motion_dataset/0_aerial_final_dataset/la_part_1_2_3/la_part_1/169.jpg,393,426,419,462,car
/media/santosh/newdrive/prafulla/aerial_motion_dataset/0_aerial_final_dataset/la_part_1_2_3/la_part_1/17.jpg,337,267,365,308,car
/media/santosh/newdrive/prafulla/aerial_motion_dataset/0_aerial_final_dataset/la_part_1_2_3/la_part_1/17.jpg,418,285,444,320,car
/media/santosh/newdrive/prafulla/aerial_motion_dataset/0_aerial_final_dataset/la_part_1_2_3/la_part_1/17.jpg,464,341,490,377,car
/media/santosh/newdrive/prafulla/aerial_motion_dataset/0_aerial_final_dataset/la_part_1_2_3/la_part_1/170.jpg,390,426,416,462,car
/media/santosh/newdrive/prafulla/aerial_motion_dataset/0_aerial_final_dataset/la_part_1_2_3/la_part_1/170.jpg,152,227,175,269,car
/media/santosh/newdrive/prafulla/aerial_motion_dataset/0_aerial_final_dataset/la_part_1_2_3/la_part_1/170.jpg,118,197,143,239,car
/media/santosh/newdrive/prafulla/aerial_motion_dataset/0_aerial_final_dataset/la_part_1_2_3/la_part_1/170.jpg,31,3,58,43,car
/media/santosh/newdrive/prafulla/aerial_motion_dataset/0_aerial_final_dataset/la_part_1_2_3/la_part_1/171.jpg,31,5,60,48,car
/media/santosh/newdrive/prafulla/aerial_motion_dataset/0_aerial_final_dataset/la_part_1_2_3/la_part_1/171.jpg,117,198,146,242,car
/media/santosh/newdrive/prafulla/aerial_motion_dataset/0_aerial_final_dataset/la_part_1_2_3/la_part_1/171.jpg,152,230,181,271,car
/media/santosh/newdrive/prafulla/aerial_motion_dataset/0_aerial_final_dataset/la_part_1_2_3/la_part_1/171.jpg,387,428,413,465,car
/media/santosh/newdrive/prafulla/aerial_motion_dataset/0_aerial_final_dataset/la_part_1_2_3/la_part_1/172.jpg,385,428,410,465,car
/media/santosh/newdrive/prafulla/aerial_motion_dataset/0_aerial_final_dataset/la_part_1_2_3/la_part_1/172.jpg,155,234,179,276,car
/media/santosh/newdrive/prafulla/aerial_motion_dataset/0_aerial_final_dataset/la_part_1_2_3/la_part_1/172.jpg,123,206,147,249,car
/media/santosh/newdrive/prafulla/aerial_motion_dataset/0_aerial_final_dataset/la_part_1_2_3/la_part_1/172.jpg,31,9,60,54,car
/media/santosh/newdrive/prafulla/aerial_motion_dataset/0_aerial_final_dataset/la_part_1_2_3/la_part_1/173.jpg,31,15,62,58,car
/media/santosh/newdrive/prafulla/aerial_motion_dataset/0_aerial_final_dataset/la_part_1_2_3/la_part_1/173.jpg,124,215,149,256,car
/media/santosh/newdrive/prafulla/aerial_motion_dataset/0_aerial_final_dataset/la_part_1_2_3/la_part_1/173.jpg,157,238,180,279,car
/media/santosh/newdrive/prafulla/aerial_motion_dataset/0_aerial_final_dataset/la_part_1_2_3/la_part_1/173.jpg,381,428,409,462,car
/media/santosh/newdrive/prafulla/aerial_motion_dataset/0_aerial_final_dataset/la_part_1_2_3/la_part_1/174.jpg,380,428,404,461,car
/media/santosh/newdrive/prafulla/aerial_motion_dataset/0_aerial_final_dataset/la_part_1_2_3/la_part_1/174.jpg,160,246,183,285,car
/media/santosh/newdrive/prafulla/aerial_motion_dataset/0_aerial_final_dataset/la_part_1_2_3/la_part_1/174.jpg,128,220,151,261,car
/media/santosh/newdrive/prafulla/aerial_motion_dataset/0_aerial_final_dataset/la_part_1_2_3/la_part_1/174.jpg,37,20,62,63,car
/media/santosh/newdrive/prafulla/aerial_motion_dataset/0_aerial_final_dataset/la_part_1_2_3/la_part_1/175.jpg,40,28,64,68,car
/media/santosh/newdrive/prafulla/aerial_motion_dataset/0_aerial_final_dataset/la_part_1_2_3/la_part_1/175.jpg,128,224,153,264,car
/media/santosh/newdrive/prafulla/aerial_motion_dataset/0_aerial_final_dataset/la_part_1_2_3/la_part_1/175.jpg,160,250,186,289,car
/media/santosh/newdrive/prafulla/aerial_motion_dataset/0_aerial_final_dataset/la_part_1_2_3/la_part_1/175.jpg,375,428,404,461,car
/media/santosh/newdrive/prafulla/aerial_motion_dataset/0_aerial_final_dataset/la_part_1_2_3/la_part_1/176.jpg,375,426,399,465,car
/media/santosh/newdrive/prafulla/aerial_motion_dataset/0_aerial_final_dataset/la_part_1_2_3/la_part_1/176.jpg,163,254,187,295,car
/media/santosh/newdrive/prafulla/aerial_motion_dataset/0_aerial_final_dataset/la_part_1_2_3/la_part_1/176.jpg,129,228,158,271,car
/media/santosh/newdrive/prafulla/aerial_motion_dataset/0_aerial_final_dataset/la_part_1_2_3/la_part_1/176.jpg,40,29,67,73,car
/media/santosh/newdrive/prafulla/aerial_motion_dataset/0_aerial_final_dataset/la_part_1_2_3/la_part_1/177.jpg,43,38,70,79,car
/media/santosh/newdrive/prafulla/aerial_motion_dataset/0_aerial_final_dataset/la_part_1_2_3/la_part_1/177.jpg,130,235,158,275,car
/media/santosh/newdrive/prafulla/aerial_motion_dataset/0_aerial_final_dataset/la_part_1_2_3/la_part_1/177.jpg,163,256,191,298,car
/media/santosh/newdrive/prafulla/aerial_motion_dataset/0_aerial_final_dataset/la_part_1_2_3/la_part_1/177.jpg,371,426,401,465,car
/media/santosh/newdrive/prafulla/aerial_motion_dataset/0_aerial_final_dataset/la_part_1_2_3/la_part_1/178.jpg,369,428,396,465,car
/media/santosh/newdrive/prafulla/aerial_motion_dataset/0_aerial_final_dataset/la_part_1_2_3/la_part_1/178.jpg,166,262,191,305,car
/media/santosh/newdrive/prafulla/aerial_motion_dataset/0_aerial_final_dataset/la_part_1_2_3/la_part_1/178.jpg,136,240,160,284,car
/media/santosh/newdrive/prafulla/aerial_motion_dataset/0_aerial_final_dataset/la_part_1_2_3/la_part_1/178.jpg,45,42,71,90,car
/media/santosh/newdrive/prafulla/aerial_motion_dataset/0_aerial_final_dataset/la_part_1_2_3/la_part_1/179.jpg,48,48,72,88,car
/media/santosh/newdrive/prafulla/aerial_motion_dataset/0_aerial_final_dataset/la_part_1_2_3/la_part_1/179.jpg,136,250,161,289,car
/media/santosh/newdrive/prafulla/aerial_motion_dataset/0_aerial_final_dataset/la_part_1_2_3/la_part_1/179.jpg,167,267,194,310,car
/media/santosh/newdrive/prafulla/aerial_motion_dataset/0_aerial_final_dataset/la_part_1_2_3/la_part_1/179.jpg,371,428,394,462,car
/media/santosh/newdrive/prafulla/aerial_motion_dataset/0_aerial_final_dataset/la_part_1_2_3/la_part_1/18.jpg,340,269,365,304,car
/media/santosh/newdrive/prafulla/aerial_motion_dataset/0_aerial_final_dataset/la_part_1_2_3/la_part_1/18.jpg,414,288,443,324,car
/media/santosh/newdrive/prafulla/aerial_motion_dataset/0_aerial_final_dataset/la_part_1_2_3/la_part_1/18.jpg,468,343,495,376,car
/media/santosh/newdrive/prafulla/aerial_motion_dataset/0_aerial_final_dataset/la_part_1_2_3/la_part_1/180.jpg,364,428,390,462,car
/media/santosh/newdrive/prafulla/aerial_motion_dataset/0_aerial_final_dataset/la_part_1_2_3/la_part_1/180.jpg,169,273,192,314,car
/media/santosh/newdrive/prafulla/aerial_motion_dataset/0_aerial_final_dataset/la_part_1_2_3/la_part_1/180.jpg,139,252,164,293,car
/media/santosh/newdrive/prafulla/aerial_motion_dataset/0_aerial_final_dataset/la_part_1_2_3/la_part_1/180.jpg,50,54,75,92,car
/media/santosh/newdrive/prafulla/aerial_motion_dataset/0_aerial_final_dataset/la_part_1_2_3/la_part_1/181.jpg,51,58,75,97,car
/media/santosh/newdrive/prafulla/aerial_motion_dataset/0_aerial_final_dataset/la_part_1_2_3/la_part_1/181.jpg,141,257,165,298,car
/media/santosh/newdrive/prafulla/aerial_motion_dataset/0_aerial_final_dataset/la_part_1_2_3/la_part_1/181.jpg,172,276,195,316,car
/media/santosh/newdrive/prafulla/aerial_motion_dataset/0_aerial_final_dataset/la_part_1_2_3/la_part_1/181.jpg,362,428,386,461,car
/media/santosh/newdrive/prafulla/aerial_motion_dataset/0_aerial_final_dataset/la_part_1_2_3/la_part_1/182.jpg,52,63,76,104,car
/media/santosh/newdrive/prafulla/aerial_motion_dataset/0_aerial_final_dataset/la_part_1_2_3/la_part_1/182.jpg,142,265,166,303,car
/media/santosh/newdrive/prafulla/aerial_motion_dataset/0_aerial_final_dataset/la_part_1_2_3/la_part_1/182.jpg,172,283,198,324,car
/media/santosh/newdrive/prafulla/aerial_motion_dataset/0_aerial_final_dataset/la_part_1_2_3/la_part_1/182.jpg,360,428,384,462,car
/media/santosh/newdrive/prafulla/aerial_motion_dataset/0_aerial_final_dataset/la_part_1_2_3/la_part_1/183.jpg,357,426,381,465,car
/media/santosh/newdrive/prafulla/aerial_motion_dataset/0_aerial_final_dataset/la_part_1_2_3/la_part_1/183.jpg,175,288,200,325,car
/media/santosh/newdrive/prafulla/aerial_motion_dataset/0_aerial_final_dataset/la_part_1_2_3/la_part_1/183.jpg,145,271,169,310,car
/media/santosh/newdrive/prafulla/aerial_motion_dataset/0_aerial_final_dataset/la_part_1_2_3/la_part_1/183.jpg,53,69,79,109,car
/media/santosh/newdrive/prafulla/aerial_motion_dataset/0_aerial_final_dataset/la_part_1_2_3/la_part_1/184.jpg,56,71,81,113,car
/media/santosh/newdrive/prafulla/aerial_motion_dataset/0_aerial_final_dataset/la_part_1_2_3/la_part_1/184.jpg,146,275,170,311,car
/media/santosh/newdrive/prafulla/aerial_motion_dataset/0_aerial_final_dataset/la_part_1_2_3/la_part_1/184.jpg,176,289,201,330,car
/media/santosh/newdrive/prafulla/aerial_motion_dataset/0_aerial_final_dataset/la_part_1_2_3/la_part_1/184.jpg,353,427,379,458,car
/media/santosh/newdrive/prafulla/aerial_motion_dataset/0_aerial_final_dataset/la_part_1_2_3/la_part_1/185.jpg,352,426,375,461,car
/media/santosh/newdrive/prafulla/aerial_motion_dataset/0_aerial_final_dataset/la_part_1_2_3/la_part_1/185.jpg,179,296,204,336,car
/media/santosh/newdrive/prafulla/aerial_motion_dataset/0_aerial_final_dataset/la_part_1_2_3/la_part_1/185.jpg,151,281,174,319,car
/media/santosh/newdrive/prafulla/aerial_motion_dataset/0_aerial_final_dataset/la_part_1_2_3/la_part_1/185.jpg,55,76,82,122,car
/media/santosh/newdrive/prafulla/aerial_motion_dataset/0_aerial_final_dataset/la_part_1_2_3/la_part_1/186.jpg,58,83,84,125,car
/media/santosh/newdrive/prafulla/aerial_motion_dataset/0_aerial_final_dataset/la_part_1_2_3/la_part_1/186.jpg,149,283,177,329,car
/media/santosh/newdrive/prafulla/aerial_motion_dataset/0_aerial_final_dataset/la_part_1_2_3/la_part_1/186.jpg,181,300,205,343,car
/media/santosh/newdrive/prafulla/aerial_motion_dataset/0_aerial_final_dataset/la_part_1_2_3/la_part_1/186.jpg,349,425,373,462,car
/media/santosh/newdrive/prafulla/aerial_motion_dataset/0_aerial_final_dataset/la_part_1_2_3/la_part_1/187.jpg,348,427,371,462,car
/media/santosh/newdrive/prafulla/aerial_motion_dataset/0_aerial_final_dataset/la_part_1_2_3/la_part_1/187.jpg,183,305,204,344,car
/media/santosh/newdrive/prafulla/aerial_motion_dataset/0_aerial_final_dataset/la_part_1_2_3/la_part_1/187.jpg,156,289,177,330,car
/media/santosh/newdrive/prafulla/aerial_motion_dataset/0_aerial_final_dataset/la_part_1_2_3/la_part_1/187.jpg,61,91,86,136,car
/media/santosh/newdrive/prafulla/aerial_motion_dataset/0_aerial_final_dataset/la_part_1_2_3/la_part_1/188.jpg,62,92,88,136,car
/media/santosh/newdrive/prafulla/aerial_motion_dataset/0_aerial_final_dataset/la_part_1_2_3/la_part_1/188.jpg,155,294,181,337,car
/media/santosh/newdrive/prafulla/aerial_motion_dataset/0_aerial_final_dataset/la_part_1_2_3/la_part_1/188.jpg,183,310,209,349,car
/media/santosh/newdrive/prafulla/aerial_motion_dataset/0_aerial_final_dataset/la_part_1_2_3/la_part_1/188.jpg,343,426,369,462,car
/media/santosh/newdrive/prafulla/aerial_motion_dataset/0_aerial_final_dataset/la_part_1_2_3/la_part_1/189.jpg,342,428,365,461,car
/media/santosh/newdrive/prafulla/aerial_motion_dataset/0_aerial_final_dataset/la_part_1_2_3/la_part_1/189.jpg,190,316,209,354,car
/media/santosh/newdrive/prafulla/aerial_motion_dataset/0_aerial_final_dataset/la_part_1_2_3/la_part_1/189.jpg,160,302,183,342,car
/media/santosh/newdrive/prafulla/aerial_motion_dataset/0_aerial_final_dataset/la_part_1_2_3/la_part_1/189.jpg,67,102,88,142,car
/media/santosh/newdrive/prafulla/aerial_motion_dataset/0_aerial_final_dataset/la_part_1_2_3/la_part_1/19.jpg,341,273,368,306,car
/media/santosh/newdrive/prafulla/aerial_motion_dataset/0_aerial_final_dataset/la_part_1_2_3/la_part_1/19.jpg,412,285,445,322,car
/media/santosh/newdrive/prafulla/aerial_motion_dataset/0_aerial_final_dataset/la_part_1_2_3/la_part_1/19.jpg,469,343,495,374,car
/media/santosh/newdrive/prafulla/aerial_motion_dataset/0_aerial_final_dataset/la_part_1_2_3/la_part_1/190.jpg,338,426,364,462,car
/media/santosh/newdrive/prafulla/aerial_motion_dataset/0_aerial_final_dataset/la_part_1_2_3/la_part_1/190.jpg,190,321,211,359,car
/media/santosh/newdrive/prafulla/aerial_motion_dataset/0_aerial_final_dataset/la_part_1_2_3/la_part_1/190.jpg,161,308,184,345,car
/media/santosh/newdrive/prafulla/aerial_motion_dataset/0_aerial_final_dataset/la_part_1_2_3/la_part_1/190.jpg,69,103,90,148,car
/media/santosh/newdrive/prafulla/aerial_motion_dataset/0_aerial_final_dataset/la_part_1_2_3/la_part_1/191.jpg,70,110,94,152,car
/media/santosh/newdrive/prafulla/aerial_motion_dataset/0_aerial_final_dataset/la_part_1_2_3/la_part_1/191.jpg,161,310,185,352,car
/media/santosh/newdrive/prafulla/aerial_motion_dataset/0_aerial_final_dataset/la_part_1_2_3/la_part_1/191.jpg,188,322,215,363,car
/media/santosh/newdrive/prafulla/aerial_motion_dataset/0_aerial_final_dataset/la_part_1_2_3/la_part_1/191.jpg,335,423,363,459,car
/media/santosh/newdrive/prafulla/aerial_motion_dataset/0_aerial_final_dataset/la_part_1_2_3/la_part_1/192.jpg,335,425,358,459,car
/media/santosh/newdrive/prafulla/aerial_motion_dataset/0_aerial_final_dataset/la_part_1_2_3/la_part_1/192.jpg,193,328,215,370,car
/media/santosh/newdrive/prafulla/aerial_motion_dataset/0_aerial_final_dataset/la_part_1_2_3/la_part_1/192.jpg,165,320,188,359,car
/media/santosh/newdrive/prafulla/aerial_motion_dataset/0_aerial_final_dataset/la_part_1_2_3/la_part_1/192.jpg,68,112,95,156,car
/media/santosh/newdrive/prafulla/aerial_motion_dataset/0_aerial_final_dataset/la_part_1_2_3/la_part_1/193.jpg,71,117,97,166,car
/media/santosh/newdrive/prafulla/aerial_motion_dataset/0_aerial_final_dataset/la_part_1_2_3/la_part_1/193.jpg,164,322,190,364,car
/media/santosh/newdrive/prafulla/aerial_motion_dataset/0_aerial_final_dataset/la_part_1_2_3/la_part_1/193.jpg,194,336,218,371,car
/media/santosh/newdrive/prafulla/aerial_motion_dataset/0_aerial_final_dataset/la_part_1_2_3/la_part_1/193.jpg,334,425,358,457,car
/media/santosh/newdrive/prafulla/aerial_motion_dataset/0_aerial_final_dataset/la_part_1_2_3/la_part_1/194.jpg,73,124,103,170,car
/media/santosh/newdrive/prafulla/aerial_motion_dataset/0_aerial_final_dataset/la_part_1_2_3/la_part_1/194.jpg,164,325,194,369,car
/media/santosh/newdrive/prafulla/aerial_motion_dataset/0_aerial_final_dataset/la_part_1_2_3/la_part_1/194.jpg,193,333,229,380,car
/media/santosh/newdrive/prafulla/aerial_motion_dataset/0_aerial_final_dataset/la_part_1_2_3/la_part_1/194.jpg,328,421,355,461,car
/media/santosh/newdrive/prafulla/aerial_motion_dataset/0_aerial_final_dataset/la_part_1_2_3/la_part_1/195.jpg,75,129,103,175,car
/media/santosh/newdrive/prafulla/aerial_motion_dataset/0_aerial_final_dataset/la_part_1_2_3/la_part_1/195.jpg,171,333,196,376,car
/media/santosh/newdrive/prafulla/aerial_motion_dataset/0_aerial_final_dataset/la_part_1_2_3/la_part_1/195.jpg,198,343,226,382,car
/media/santosh/newdrive/prafulla/aerial_motion_dataset/0_aerial_final_dataset/la_part_1_2_3/la_part_1/195.jpg,326,420,353,457,car
/media/santosh/newdrive/prafulla/aerial_motion_dataset/0_aerial_final_dataset/la_part_1_2_3/la_part_1/195.jpg,589,521,608,551,car
/media/santosh/newdrive/prafulla/aerial_motion_dataset/0_aerial_final_dataset/la_part_1_2_3/la_part_1/196.jpg,585,521,608,553,car
/media/santosh/newdrive/prafulla/aerial_motion_dataset/0_aerial_final_dataset/la_part_1_2_3/la_part_1/196.jpg,323,420,349,462,car
/media/santosh/newdrive/prafulla/aerial_motion_dataset/0_aerial_final_dataset/la_part_1_2_3/la_part_1/196.jpg,200,347,226,386,car
/media/santosh/newdrive/prafulla/aerial_motion_dataset/0_aerial_final_dataset/la_part_1_2_3/la_part_1/196.jpg,173,338,200,380,car
/media/santosh/newdrive/prafulla/aerial_motion_dataset/0_aerial_final_dataset/la_part_1_2_3/la_part_1/196.jpg,76,136,102,175,car
/media/santosh/newdrive/prafulla/aerial_motion_dataset/0_aerial_final_dataset/la_part_1_2_3/la_part_1/197.jpg,80,143,106,185,car
/media/santosh/newdrive/prafulla/aerial_motion_dataset/0_aerial_final_dataset/la_part_1_2_3/la_part_1/197.jpg,175,344,202,383,car
/media/santosh/newdrive/prafulla/aerial_motion_dataset/0_aerial_final_dataset/la_part_1_2_3/la_part_1/197.jpg,200,347,228,393,car
/media/santosh/newdrive/prafulla/aerial_motion_dataset/0_aerial_final_dataset/la_part_1_2_3/la_part_1/197.jpg,319,421,347,458,car
/media/santosh/newdrive/prafulla/aerial_motion_dataset/0_aerial_final_dataset/la_part_1_2_3/la_part_1/197.jpg,583,523,608,556,car
/media/santosh/newdrive/prafulla/aerial_motion_dataset/0_aerial_final_dataset/la_part_1_2_3/la_part_1/198.jpg,579,528,608,559,car
/media/santosh/newdrive/prafulla/aerial_motion_dataset/0_aerial_final_dataset/la_part_1_2_3/la_part_1/198.jpg,316,420,345,457,car
/media/santosh/newdrive/prafulla/aerial_motion_dataset/0_aerial_final_dataset/la_part_1_2_3/la_part_1/198.jpg,204,355,230,397,car
/media/santosh/newdrive/prafulla/aerial_motion_dataset/0_aerial_final_dataset/la_part_1_2_3/la_part_1/198.jpg,177,349,202,389,car
/media/santosh/newdrive/prafulla/aerial_motion_dataset/0_aerial_final_dataset/la_part_1_2_3/la_part_1/198.jpg,81,148,105,188,car
/media/santosh/newdrive/prafulla/aerial_motion_dataset/0_aerial_final_dataset/la_part_1_2_3/la_part_1/199.jpg,83,151,108,193,car
/media/santosh/newdrive/prafulla/aerial_motion_dataset/0_aerial_final_dataset/la_part_1_2_3/la_part_1/199.jpg,181,355,205,394,car
/media/santosh/newdrive/prafulla/aerial_motion_dataset/0_aerial_final_dataset/la_part_1_2_3/la_part_1/199.jpg,205,362,233,398,car
/media/santosh/newdrive/prafulla/aerial_motion_dataset/0_aerial_final_dataset/la_part_1_2_3/la_part_1/199.jpg,317,417,343,455,car
/media/santosh/newdrive/prafulla/aerial_motion_dataset/0_aerial_final_dataset/la_part_1_2_3/la_part_1/199.jpg,574,529,608,563,car
/media/santosh/newdrive/prafulla/aerial_motion_dataset/0_aerial_final_dataset/la_part_1_2_3/la_part_1/2.jpg,302,230,332,269,car
/media/santosh/newdrive/prafulla/aerial_motion_dataset/0_aerial_final_dataset/la_part_1_2_3/la_part_1/2.jpg,421,318,454,356,car
/media/santosh/newdrive/prafulla/aerial_motion_dataset/0_aerial_final_dataset/la_part_1_2_3/la_part_1/2.jpg,462,302,496,336,car
/media/santosh/newdrive/prafulla/aerial_motion_dataset/0_aerial_final_dataset/la_part_1_2_3/la_part_1/20.jpg,342,273,371,310,car
/media/santosh/newdrive/prafulla/aerial_motion_dataset/0_aerial_final_dataset/la_part_1_2_3/la_part_1/20.jpg,408,285,437,317,car
/media/santosh/newdrive/prafulla/aerial_motion_dataset/0_aerial_final_dataset/la_part_1_2_3/la_part_1/20.jpg,474,343,504,378,car
/media/santosh/newdrive/prafulla/aerial_motion_dataset/0_aerial_final_dataset/la_part_1_2_3/la_part_1/200.jpg,85,159,110,197,car
/media/santosh/newdrive/prafulla/aerial_motion_dataset/0_aerial_final_dataset/la_part_1_2_3/la_part_1/200.jpg,181,360,208,401,car
/media/santosh/newdrive/prafulla/aerial_motion_dataset/0_aerial_final_dataset/la_part_1_2_3/la_part_1/200.jpg,207,364,233,404,car
/media/santosh/newdrive/prafulla/aerial_motion_dataset/0_aerial_final_dataset/la_part_1_2_3/la_part_1/200.jpg,316,421,339,457,car
/media/santosh/newdrive/prafulla/aerial_motion_dataset/0_aerial_final_dataset/la_part_1_2_3/la_part_1/200.jpg,573,533,601,565,car
/media/santosh/newdrive/prafulla/aerial_motion_dataset/0_aerial_final_dataset/la_part_1_2_3/la_part_1/21.jpg,475,349,506,380,car
/media/santosh/newdrive/prafulla/aerial_motion_dataset/0_aerial_final_dataset/la_part_1_2_3/la_part_1/21.jpg,406,283,440,322,car
/media/santosh/newdrive/prafulla/aerial_motion_dataset/0_aerial_final_dataset/la_part_1_2_3/la_part_1/21.jpg,346,276,380,315,car
/media/santosh/newdrive/prafulla/aerial_motion_dataset/0_aerial_final_dataset/la_part_1_2_3/la_part_1/22.jpg,347,277,381,319,car
/media/santosh/newdrive/prafulla/aerial_motion_dataset/0_aerial_final_dataset/la_part_1_2_3/la_part_1/22.jpg,404,276,433,324,car
/media/santosh/newdrive/prafulla/aerial_motion_dataset/0_aerial_final_dataset/la_part_1_2_3/la_part_1/22.jpg,478,347,509,380,car
/media/santosh/newdrive/prafulla/aerial_motion_dataset/0_aerial_final_dataset/la_part_1_2_3/la_part_1/23.jpg,480,347,511,382,car
/media/santosh/newdrive/prafulla/aerial_motion_dataset/0_aerial_final_dataset/la_part_1_2_3/la_part_1/23.jpg,399,280,436,320,car
/media/santosh/newdrive/prafulla/aerial_motion_dataset/0_aerial_final_dataset/la_part_1_2_3/la_part_1/23.jpg,348,276,387,322,car
/media/santosh/newdrive/prafulla/aerial_motion_dataset/0_aerial_final_dataset/la_part_1_2_3/la_part_1/24.jpg,354,283,389,322,car
/media/santosh/newdrive/prafulla/aerial_motion_dataset/0_aerial_final_dataset/la_part_1_2_3/la_part_1/24.jpg,398,279,431,314,car
/media/santosh/newdrive/prafulla/aerial_motion_dataset/0_aerial_final_dataset/la_part_1_2_3/la_part_1/24.jpg,486,356,519,385,car
/media/santosh/newdrive/prafulla/aerial_motion_dataset/0_aerial_final_dataset/la_part_1_2_3/la_part_1/25.jpg,485,350,520,387,car
/media/santosh/newdrive/prafulla/aerial_motion_dataset/0_aerial_final_dataset/la_part_1_2_3/la_part_1/25.jpg,393,276,430,318,car
/media/santosh/newdrive/prafulla/aerial_motion_dataset/0_aerial_final_dataset/la_part_1_2_3/la_part_1/25.jpg,355,281,397,327,car
/media/santosh/newdrive/prafulla/aerial_motion_dataset/0_aerial_final_dataset/la_part_1_2_3/la_part_1/26.jpg,358,290,387,325,car
/media/santosh/newdrive/prafulla/aerial_motion_dataset/0_aerial_final_dataset/la_part_1_2_3/la_part_1/26.jpg,390,275,424,318,car
/media/santosh/newdrive/prafulla/aerial_motion_dataset/0_aerial_final_dataset/la_part_1_2_3/la_part_1/26.jpg,489,350,519,387,car
/media/santosh/newdrive/prafulla/aerial_motion_dataset/0_aerial_final_dataset/la_part_1_2_3/la_part_1/27.jpg,491,355,524,387,car
/media/santosh/newdrive/prafulla/aerial_motion_dataset/0_aerial_final_dataset/la_part_1_2_3/la_part_1/27.jpg,388,277,422,311,car
/media/santosh/newdrive/prafulla/aerial_motion_dataset/0_aerial_final_dataset/la_part_1_2_3/la_part_1/27.jpg,358,291,392,332,car
/media/santosh/newdrive/prafulla/aerial_motion_dataset/0_aerial_final_dataset/la_part_1_2_3/la_part_1/28.jpg,364,293,390,332,car
/media/santosh/newdrive/prafulla/aerial_motion_dataset/0_aerial_final_dataset/la_part_1_2_3/la_part_1/28.jpg,383,276,417,306,car
/media/santosh/newdrive/prafulla/aerial_motion_dataset/0_aerial_final_dataset/la_part_1_2_3/la_part_1/28.jpg,495,352,527,390,car
/media/santosh/newdrive/prafulla/aerial_motion_dataset/0_aerial_final_dataset/la_part_1_2_3/la_part_1/29.jpg,499,360,527,390,car
/media/santosh/newdrive/prafulla/aerial_motion_dataset/0_aerial_final_dataset/la_part_1_2_3/la_part_1/29.jpg,366,298,392,332,car
/media/santosh/newdrive/prafulla/aerial_motion_dataset/0_aerial_final_dataset/la_part_1_2_3/la_part_1/29.jpg,384,274,414,308,car
/media/santosh/newdrive/prafulla/aerial_motion_dataset/0_aerial_final_dataset/la_part_1_2_3/la_part_1/3.jpg,307,235,333,273,car
/media/santosh/newdrive/prafulla/aerial_motion_dataset/0_aerial_final_dataset/la_part_1_2_3/la_part_1/3.jpg,424,323,454,353,car
/media/santosh/newdrive/prafulla/aerial_motion_dataset/0_aerial_final_dataset/la_part_1_2_3/la_part_1/3.jpg,459,302,489,332,car
/media/santosh/newdrive/prafulla/aerial_motion_dataset/0_aerial_final_dataset/la_part_1_2_3/la_part_1/30.jpg,368,298,394,333,car
/media/santosh/newdrive/prafulla/aerial_motion_dataset/0_aerial_final_dataset/la_part_1_2_3/la_part_1/30.jpg,378,270,417,305,car
/media/santosh/newdrive/prafulla/aerial_motion_dataset/0_aerial_final_dataset/la_part_1_2_3/la_part_1/30.jpg,500,356,532,387,car
/media/santosh/newdrive/prafulla/aerial_motion_dataset/0_aerial_final_dataset/la_part_1_2_3/la_part_1/31.jpg,503,362,534,389,car
/media/santosh/newdrive/prafulla/aerial_motion_dataset/0_aerial_final_dataset/la_part_1_2_3/la_part_1/31.jpg,368,300,398,340,car
/media/santosh/newdrive/prafulla/aerial_motion_dataset/0_aerial_final_dataset/la_part_1_2_3/la_part_1/31.jpg,377,269,407,306,car
/media/santosh/newdrive/prafulla/aerial_motion_dataset/0_aerial_final_dataset/la_part_1_2_3/la_part_1/32.jpg,373,268,410,307,car
/media/santosh/newdrive/prafulla/aerial_motion_dataset/0_aerial_final_dataset/la_part_1_2_3/la_part_1/32.jpg,372,300,405,339,car
/media/santosh/newdrive/prafulla/aerial_motion_dataset/0_aerial_final_dataset/la_part_1_2_3/la_part_1/32.jpg,505,356,538,396,car
/media/santosh/newdrive/prafulla/aerial_motion_dataset/0_aerial_final_dataset/la_part_1_2_3/la_part_1/33.jpg,509,359,541,393,car
/media/santosh/newdrive/prafulla/aerial_motion_dataset/0_aerial_final_dataset/la_part_1_2_3/la_part_1/33.jpg,373,302,407,341,car
/media/santosh/newdrive/prafulla/aerial_motion_dataset/0_aerial_final_dataset/la_part_1_2_3/la_part_1/33.jpg,373,269,405,308,car
/media/santosh/newdrive/prafulla/aerial_motion_dataset/0_aerial_final_dataset/la_part_1_2_3/la_part_1/34.jpg,368,266,400,302,car
/media/santosh/newdrive/prafulla/aerial_motion_dataset/0_aerial_final_dataset/la_part_1_2_3/la_part_1/34.jpg,374,303,411,347,car
/media/santosh/newdrive/prafulla/aerial_motion_dataset/0_aerial_final_dataset/la_part_1_2_3/la_part_1/34.jpg,511,363,544,398,car
/media/santosh/newdrive/prafulla/aerial_motion_dataset/0_aerial_final_dataset/la_part_1_2_3/la_part_1/35.jpg,363,265,397,303,car
/media/santosh/newdrive/prafulla/aerial_motion_dataset/0_aerial_final_dataset/la_part_1_2_3/la_part_1/35.jpg,379,308,415,347,car
/media/santosh/newdrive/prafulla/aerial_motion_dataset/0_aerial_final_dataset/la_part_1_2_3/la_part_1/35.jpg,513,363,546,394,car
/media/santosh/newdrive/prafulla/aerial_motion_dataset/0_aerial_final_dataset/la_part_1_2_3/la_part_1/36.jpg,515,367,550,399,car
/media/santosh/newdrive/prafulla/aerial_motion_dataset/0_aerial_final_dataset/la_part_1_2_3/la_part_1/36.jpg,380,308,416,351,car
/media/santosh/newdrive/prafulla/aerial_motion_dataset/0_aerial_final_dataset/la_part_1_2_3/la_part_1/36.jpg,362,261,396,300,car
/media/santosh/newdrive/prafulla/aerial_motion_dataset/0_aerial_final_dataset/la_part_1_2_3/la_part_1/37.jpg,358,265,393,301,car
/media/santosh/newdrive/prafulla/aerial_motion_dataset/0_aerial_final_dataset/la_part_1_2_3/la_part_1/37.jpg,383,311,418,350,car
/media/santosh/newdrive/prafulla/aerial_motion_dataset/0_aerial_final_dataset/la_part_1_2_3/la_part_1/37.jpg,521,366,551,398,car
/media/santosh/newdrive/prafulla/aerial_motion_dataset/0_aerial_final_dataset/la_part_1_2_3/la_part_1/38.jpg,522,368,556,400,car
/media/santosh/newdrive/prafulla/aerial_motion_dataset/0_aerial_final_dataset/la_part_1_2_3/la_part_1/38.jpg,384,315,421,352,car
/media/santosh/newdrive/prafulla/aerial_motion_dataset/0_aerial_final_dataset/la_part_1_2_3/la_part_1/38.jpg,357,258,390,298,car
/media/santosh/newdrive/prafulla/aerial_motion_dataset/0_aerial_final_dataset/la_part_1_2_3/la_part_1/39.jpg,354,260,386,298,car
/media/santosh/newdrive/prafulla/aerial_motion_dataset/0_aerial_final_dataset/la_part_1_2_3/la_part_1/39.jpg,387,315,422,355,car
/media/santosh/newdrive/prafulla/aerial_motion_dataset/0_aerial_final_dataset/la_part_1_2_3/la_part_1/39.jpg,525,371,559,398,car
/media/santosh/newdrive/prafulla/aerial_motion_dataset/0_aerial_final_dataset/la_part_1_2_3/la_part_1/4.jpg,309,237,335,273,car
/media/santosh/newdrive/prafulla/aerial_motion_dataset/0_aerial_final_dataset/la_part_1_2_3/la_part_1/4.jpg,427,322,458,356,car
/media/santosh/newdrive/prafulla/aerial_motion_dataset/0_aerial_final_dataset/la_part_1_2_3/la_part_1/4.jpg,457,298,487,332,car
/media/santosh/newdrive/prafulla/aerial_motion_dataset/0_aerial_final_dataset/la_part_1_2_3/la_part_1/40.jpg,351,261,378,293,car
/media/santosh/newdrive/prafulla/aerial_motion_dataset/0_aerial_final_dataset/la_part_1_2_3/la_part_1/40.jpg,392,320,418,356,car
/media/santosh/newdrive/prafulla/aerial_motion_dataset/0_aerial_final_dataset/la_part_1_2_3/la_part_1/40.jpg,530,370,560,398,car
/media/santosh/newdrive/prafulla/aerial_motion_dataset/0_aerial_final_dataset/la_part_1_2_3/la_part_1/41.jpg,349,257,377,292,car
/media/santosh/newdrive/prafulla/aerial_motion_dataset/0_aerial_final_dataset/la_part_1_2_3/la_part_1/41.jpg,393,322,421,357,car
/media/santosh/newdrive/prafulla/aerial_motion_dataset/0_aerial_final_dataset/la_part_1_2_3/la_part_1/41.jpg,532,370,564,401,car
/media/santosh/newdrive/prafulla/aerial_motion_dataset/0_aerial_final_dataset/la_part_1_2_3/la_part_1/42.jpg,534,375,564,401,car
/media/santosh/newdrive/prafulla/aerial_motion_dataset/0_aerial_final_dataset/la_part_1_2_3/la_part_1/42.jpg,396,325,423,364,car
/media/santosh/newdrive/prafulla/aerial_motion_dataset/0_aerial_final_dataset/la_part_1_2_3/la_part_1/42.jpg,345,255,371,290,car
/media/santosh/newdrive/prafulla/aerial_motion_dataset/0_aerial_final_dataset/la_part_1_2_3/la_part_1/43.jpg,342,255,370,288,car
/media/santosh/newdrive/prafulla/aerial_motion_dataset/0_aerial_final_dataset/la_part_1_2_3/la_part_1/43.jpg,396,322,432,360,car
/media/santosh/newdrive/prafulla/aerial_motion_dataset/0_aerial_final_dataset/la_part_1_2_3/la_part_1/43.jpg,538,369,570,401,car
/media/santosh/newdrive/prafulla/aerial_motion_dataset/0_aerial_final_dataset/la_part_1_2_3/la_part_1/44.jpg,540,376,572,404,car
/media/santosh/newdrive/prafulla/aerial_motion_dataset/0_aerial_final_dataset/la_part_1_2_3/la_part_1/44.jpg,400,332,437,367,car
/media/santosh/newdrive/prafulla/aerial_motion_dataset/0_aerial_final_dataset/la_part_1_2_3/la_part_1/44.jpg,336,251,370,291,car
/media/santosh/newdrive/prafulla/aerial_motion_dataset/0_aerial_final_dataset/la_part_1_2_3/la_part_1/45.jpg,334,247,368,291,car
/media/santosh/newdrive/prafulla/aerial_motion_dataset/0_aerial_final_dataset/la_part_1_2_3/la_part_1/45.jpg,402,325,436,366,car
/media/santosh/newdrive/prafulla/aerial_motion_dataset/0_aerial_final_dataset/la_part_1_2_3/la_part_1/45.jpg,543,372,576,405,car
/media/santosh/newdrive/prafulla/aerial_motion_dataset/0_aerial_final_dataset/la_part_1_2_3/la_part_1/46.jpg,548,374,581,406,car
/media/santosh/newdrive/prafulla/aerial_motion_dataset/0_aerial_final_dataset/la_part_1_2_3/la_part_1/46.jpg,402,328,440,372,car
/media/santosh/newdrive/prafulla/aerial_motion_dataset/0_aerial_final_dataset/la_part_1_2_3/la_part_1/46.jpg,334,246,367,288,car
/media/santosh/newdrive/prafulla/aerial_motion_dataset/0_aerial_final_dataset/la_part_1_2_3/la_part_1/47.jpg,329,243,365,288,car
/media/santosh/newdrive/prafulla/aerial_motion_dataset/0_aerial_final_dataset/la_part_1_2_3/la_part_1/47.jpg,407,333,437,372,car
/media/santosh/newdrive/prafulla/aerial_motion_dataset/0_aerial_final_dataset/la_part_1_2_3/la_part_1/47.jpg,550,379,582,404,car
/media/santosh/newdrive/prafulla/aerial_motion_dataset/0_aerial_final_dataset/la_part_1_2_3/la_part_1/48.jpg,328,247,364,293,car
/media/santosh/newdrive/prafulla/aerial_motion_dataset/0_aerial_final_dataset/la_part_1_2_3/la_part_1/48.jpg,410,337,445,378,car
/media/santosh/newdrive/prafulla/aerial_motion_dataset/0_aerial_final_dataset/la_part_1_2_3/la_part_1/48.jpg,552,377,591,409,car
/media/santosh/newdrive/prafulla/aerial_motion_dataset/0_aerial_final_dataset/la_part_1_2_3/la_part_1/49.jpg,322,246,360,284,car
/media/santosh/newdrive/prafulla/aerial_motion_dataset/0_aerial_final_dataset/la_part_1_2_3/la_part_1/49.jpg,410,340,444,378,car
/media/santosh/newdrive/prafulla/aerial_motion_dataset/0_aerial_final_dataset/la_part_1_2_3/la_part_1/49.jpg,554,377,585,408,car
/media/santosh/newdrive/prafulla/aerial_motion_dataset/0_aerial_final_dataset/la_part_1_2_3/la_part_1/5.jpg,308,239,346,284,car
/media/santosh/newdrive/prafulla/aerial_motion_dataset/0_aerial_final_dataset/la_part_1_2_3/la_part_1/5.jpg,428,322,462,362,car
/media/santosh/newdrive/prafulla/aerial_motion_dataset/0_aerial_final_dataset/la_part_1_2_3/la_part_1/5.jpg,453,302,485,333,car
/media/santosh/newdrive/prafulla/aerial_motion_dataset/0_aerial_final_dataset/la_part_1_2_3/la_part_1/50.jpg,321,239,356,279,car
/media/santosh/newdrive/prafulla/aerial_motion_dataset/0_aerial_final_dataset/la_part_1_2_3/la_part_1/50.jpg,411,336,449,382,car
/media/santosh/newdrive/prafulla/aerial_motion_dataset/0_aerial_final_dataset/la_part_1_2_3/la_part_1/50.jpg,558,380,590,416,car
/media/santosh/newdrive/prafulla/aerial_motion_dataset/0_aerial_final_dataset/la_part_1_2_3/la_part_1/51.jpg,317,235,351,277,car
/media/santosh/newdrive/prafulla/aerial_motion_dataset/0_aerial_final_dataset/la_part_1_2_3/la_part_1/51.jpg,415,338,452,383,car
/media/santosh/newdrive/prafulla/aerial_motion_dataset/0_aerial_final_dataset/la_part_1_2_3/la_part_1/51.jpg,561,377,592,411,car
/media/santosh/newdrive/prafulla/aerial_motion_dataset/0_aerial_final_dataset/la_part_1_2_3/la_part_1/52.jpg,321,242,349,278,car
/media/santosh/newdrive/prafulla/aerial_motion_dataset/0_aerial_final_dataset/la_part_1_2_3/la_part_1/52.jpg,420,344,459,392,car
/media/santosh/newdrive/prafulla/aerial_motion_dataset/0_aerial_final_dataset/la_part_1_2_3/la_part_1/52.jpg,564,380,596,416,car
/media/santosh/newdrive/prafulla/aerial_motion_dataset/0_aerial_final_dataset/la_part_1_2_3/la_part_1/53.jpg,313,234,347,276,car
/media/santosh/newdrive/prafulla/aerial_motion_dataset/0_aerial_final_dataset/la_part_1_2_3/la_part_1/53.jpg,420,343,460,383,car
/media/santosh/newdrive/prafulla/aerial_motion_dataset/0_aerial_final_dataset/la_part_1_2_3/la_part_1/53.jpg,565,379,601,415,car
/media/santosh/newdrive/prafulla/aerial_motion_dataset/0_aerial_final_dataset/la_part_1_2_3/la_part_1/54.jpg,311,234,347,284,car
/media/santosh/newdrive/prafulla/aerial_motion_dataset/0_aerial_final_dataset/la_part_1_2_3/la_part_1/54.jpg,421,342,461,387,car
/media/santosh/newdrive/prafulla/aerial_motion_dataset/0_aerial_final_dataset/la_part_1_2_3/la_part_1/54.jpg,570,380,603,416,car
/media/santosh/newdrive/prafulla/aerial_motion_dataset/0_aerial_final_dataset/la_part_1_2_3/la_part_1/55.jpg,309,234,348,287,car
/media/santosh/newdrive/prafulla/aerial_motion_dataset/0_aerial_final_dataset/la_part_1_2_3/la_part_1/55.jpg,425,343,468,387,car
/media/santosh/newdrive/prafulla/aerial_motion_dataset/0_aerial_final_dataset/la_part_1_2_3/la_part_1/55.jpg,574,381,608,417,car
/media/santosh/newdrive/prafulla/aerial_motion_dataset/0_aerial_final_dataset/la_part_1_2_3/la_part_1/56.jpg,305,230,345,283,car
/media/santosh/newdrive/prafulla/aerial_motion_dataset/0_aerial_final_dataset/la_part_1_2_3/la_part_1/56.jpg,428,341,472,391,car
/media/santosh/newdrive/prafulla/aerial_motion_dataset/0_aerial_final_dataset/la_part_1_2_3/la_part_1/56.jpg,573,381,608,418,car
/media/santosh/newdrive/prafulla/aerial_motion_dataset/0_aerial_final_dataset/la_part_1_2_3/la_part_1/57.jpg,304,232,339,271,car
/media/santosh/newdrive/prafulla/aerial_motion_dataset/0_aerial_final_dataset/la_part_1_2_3/la_part_1/57.jpg,430,351,470,392,car
/media/santosh/newdrive/prafulla/aerial_motion_dataset/0_aerial_final_dataset/la_part_1_2_3/la_part_1/57.jpg,578,383,608,418,car
/media/santosh/newdrive/prafulla/aerial_motion_dataset/0_aerial_final_dataset/la_part_1_2_3/la_part_1/58.jpg,298,230,335,266,car
/media/santosh/newdrive/prafulla/aerial_motion_dataset/0_aerial_final_dataset/la_part_1_2_3/la_part_1/58.jpg,430,352,471,394,car
/media/santosh/newdrive/prafulla/aerial_motion_dataset/0_aerial_final_dataset/la_part_1_2_3/la_part_1/58.jpg,581,385,608,416,car
/media/santosh/newdrive/prafulla/aerial_motion_dataset/0_aerial_final_dataset/la_part_1_2_3/la_part_1/59.jpg,296,222,333,273,car
/media/santosh/newdrive/prafulla/aerial_motion_dataset/0_aerial_final_dataset/la_part_1_2_3/la_part_1/59.jpg,434,355,472,397,car
/media/santosh/newdrive/prafulla/aerial_motion_dataset/0_aerial_final_dataset/la_part_1_2_3/la_part_1/59.jpg,583,386,608,420,car
/media/santosh/newdrive/prafulla/aerial_motion_dataset/0_aerial_final_dataset/la_part_1_2_3/la_part_1/6.jpg,310,243,350,279,car
/media/santosh/newdrive/prafulla/aerial_motion_dataset/0_aerial_final_dataset/la_part_1_2_3/la_part_1/6.jpg,428,326,465,357,car
/media/santosh/newdrive/prafulla/aerial_motion_dataset/0_aerial_final_dataset/la_part_1_2_3/la_part_1/6.jpg,449,296,484,333,car
/media/santosh/newdrive/prafulla/aerial_motion_dataset/0_aerial_final_dataset/la_part_1_2_3/la_part_1/60.jpg,294,224,328,266,car
/media/santosh/newdrive/prafulla/aerial_motion_dataset/0_aerial_final_dataset/la_part_1_2_3/la_part_1/60.jpg,437,360,472,395,car
/media/santosh/newdrive/prafulla/aerial_motion_dataset/0_aerial_final_dataset/la_part_1_2_3/la_part_1/60.jpg,589,385,608,415,car
/media/santosh/newdrive/prafulla/aerial_motion_dataset/0_aerial_final_dataset/la_part_1_2_3/la_part_1/61.jpg,292,225,325,265,car
/media/santosh/newdrive/prafulla/aerial_motion_dataset/0_aerial_final_dataset/la_part_1_2_3/la_part_1/61.jpg,437,362,475,398,car
/media/santosh/newdrive/prafulla/aerial_motion_dataset/0_aerial_final_dataset/la_part_1_2_3/la_part_1/62.jpg,287,220,322,258,car
/media/santosh/newdrive/prafulla/aerial_motion_dataset/0_aerial_final_dataset/la_part_1_2_3/la_part_1/62.jpg,441,360,477,400,car
/media/santosh/newdrive/prafulla/aerial_motion_dataset/0_aerial_final_dataset/la_part_1_2_3/la_part_1/63.jpg,285,217,322,256,car
/media/santosh/newdrive/prafulla/aerial_motion_dataset/0_aerial_final_dataset/la_part_1_2_3/la_part_1/63.jpg,443,362,476,405,car
/media/santosh/newdrive/prafulla/aerial_motion_dataset/0_aerial_final_dataset/la_part_1_2_3/la_part_1/64.jpg,282,217,317,255,car
/media/santosh/newdrive/prafulla/aerial_motion_dataset/0_aerial_final_dataset/la_part_1_2_3/la_part_1/64.jpg,447,370,479,403,car
/media/santosh/newdrive/prafulla/aerial_motion_dataset/0_aerial_final_dataset/la_part_1_2_3/la_part_1/65.jpg,282,216,315,257,car
/media/santosh/newdrive/prafulla/aerial_motion_dataset/0_aerial_final_dataset/la_part_1_2_3/la_part_1/65.jpg,449,368,481,404,car
/media/santosh/newdrive/prafulla/aerial_motion_dataset/0_aerial_final_dataset/la_part_1_2_3/la_part_1/66.jpg,277,209,314,254,car
/media/santosh/newdrive/prafulla/aerial_motion_dataset/0_aerial_final_dataset/la_part_1_2_3/la_part_1/66.jpg,451,369,487,408,car
/media/santosh/newdrive/prafulla/aerial_motion_dataset/0_aerial_final_dataset/la_part_1_2_3/la_part_1/67.jpg,273,211,311,254,car
/media/santosh/newdrive/prafulla/aerial_motion_dataset/0_aerial_final_dataset/la_part_1_2_3/la_part_1/67.jpg,453,372,492,403,car
/media/santosh/newdrive/prafulla/aerial_motion_dataset/0_aerial_final_dataset/la_part_1_2_3/la_part_1/68.jpg,275,206,307,254,car
/media/santosh/newdrive/prafulla/aerial_motion_dataset/0_aerial_final_dataset/la_part_1_2_3/la_part_1/68.jpg,458,376,498,409,car
/media/santosh/newdrive/prafulla/aerial_motion_dataset/0_aerial_final_dataset/la_part_1_2_3/la_part_1/69.jpg,270,203,308,257,car
/media/santosh/newdrive/prafulla/aerial_motion_dataset/0_aerial_final_dataset/la_part_1_2_3/la_part_1/69.jpg,457,376,502,417,car
/media/santosh/newdrive/prafulla/aerial_motion_dataset/0_aerial_final_dataset/la_part_1_2_3/la_part_1/7.jpg,313,243,349,283,car
/media/santosh/newdrive/prafulla/aerial_motion_dataset/0_aerial_final_dataset/la_part_1_2_3/la_part_1/7.jpg,433,324,468,372,car
/media/santosh/newdrive/prafulla/aerial_motion_dataset/0_aerial_final_dataset/la_part_1_2_3/la_part_1/7.jpg,445,298,481,330,car
/media/santosh/newdrive/prafulla/aerial_motion_dataset/0_aerial_final_dataset/la_part_1_2_3/la_part_1/70.jpg,266,205,295,251,car
/media/santosh/newdrive/prafulla/aerial_motion_dataset/0_aerial_final_dataset/la_part_1_2_3/la_part_1/70.jpg,462,377,497,412,car
/media/santosh/newdrive/prafulla/aerial_motion_dataset/0_aerial_final_dataset/la_part_1_2_3/la_part_1/71.jpg,262,208,294,247,car
/media/santosh/newdrive/prafulla/aerial_motion_dataset/0_aerial_final_dataset/la_part_1_2_3/la_part_1/71.jpg,466,380,498,418,car
/media/santosh/newdrive/prafulla/aerial_motion_dataset/0_aerial_final_dataset/la_part_1_2_3/la_part_1/72.jpg,261,201,292,235,car
/media/santosh/newdrive/prafulla/aerial_motion_dataset/0_aerial_final_dataset/la_part_1_2_3/la_part_1/72.jpg,466,380,501,423,car
/media/santosh/newdrive/prafulla/aerial_motion_dataset/0_aerial_final_dataset/la_part_1_2_3/la_part_1/73.jpg,260,196,283,239,car
/media/santosh/newdrive/prafulla/aerial_motion_dataset/0_aerial_final_dataset/la_part_1_2_3/la_part_1/73.jpg,471,383,499,423,car
/media/santosh/newdrive/prafulla/aerial_motion_dataset/0_aerial_final_dataset/la_part_1_2_3/la_part_1/74.jpg,255,193,281,235,car
/media/santosh/newdrive/prafulla/aerial_motion_dataset/0_aerial_final_dataset/la_part_1_2_3/la_part_1/74.jpg,472,385,499,424,car
/media/santosh/newdrive/prafulla/aerial_motion_dataset/0_aerial_final_dataset/la_part_1_2_3/la_part_1/75.jpg,254,194,279,234,car
/media/santosh/newdrive/prafulla/aerial_motion_dataset/0_aerial_final_dataset/la_part_1_2_3/la_part_1/75.jpg,473,387,506,428,car
/media/santosh/newdrive/prafulla/aerial_motion_dataset/0_aerial_final_dataset/la_part_1_2_3/la_part_1/76.jpg,253,200,276,232,car
/media/santosh/newdrive/prafulla/aerial_motion_dataset/0_aerial_final_dataset/la_part_1_2_3/la_part_1/76.jpg,476,389,505,425,car
/media/santosh/newdrive/prafulla/aerial_motion_dataset/0_aerial_final_dataset/la_part_1_2_3/la_part_1/77.jpg,249,190,274,234,car
/media/santosh/newdrive/prafulla/aerial_motion_dataset/0_aerial_final_dataset/la_part_1_2_3/la_part_1/77.jpg,480,394,508,424,car
/media/santosh/newdrive/prafulla/aerial_motion_dataset/0_aerial_final_dataset/la_part_1_2_3/la_part_1/78.jpg,245,189,272,226,car
/media/santosh/newdrive/prafulla/aerial_motion_dataset/0_aerial_final_dataset/la_part_1_2_3/la_part_1/78.jpg,481,394,512,426,car
/media/santosh/newdrive/prafulla/aerial_motion_dataset/0_aerial_final_dataset/la_part_1_2_3/la_part_1/79.jpg,239,183,270,224,car
/media/santosh/newdrive/prafulla/aerial_motion_dataset/0_aerial_final_dataset/la_part_1_2_3/la_part_1/79.jpg,485,393,512,431,car
/media/santosh/newdrive/prafulla/aerial_motion_dataset/0_aerial_final_dataset/la_part_1_2_3/la_part_1/8.jpg,317,244,347,285,car
/media/santosh/newdrive/prafulla/aerial_motion_dataset/0_aerial_final_dataset/la_part_1_2_3/la_part_1/8.jpg,436,328,473,363,car
/media/santosh/newdrive/prafulla/aerial_motion_dataset/0_aerial_final_dataset/la_part_1_2_3/la_part_1/8.jpg,445,295,480,330,car
/media/santosh/newdrive/prafulla/aerial_motion_dataset/0_aerial_final_dataset/la_part_1_2_3/la_part_1/80.jpg,239,186,270,220,car
/media/santosh/newdrive/prafulla/aerial_motion_dataset/0_aerial_final_dataset/la_part_1_2_3/la_part_1/80.jpg,486,394,520,440,car
/media/santosh/newdrive/prafulla/aerial_motion_dataset/0_aerial_final_dataset/la_part_1_2_3/la_part_1/81.jpg,237,183,269,223,car
/media/santosh/newdrive/prafulla/aerial_motion_dataset/0_aerial_final_dataset/la_part_1_2_3/la_part_1/81.jpg,488,398,526,445,car
/media/santosh/newdrive/prafulla/aerial_motion_dataset/0_aerial_final_dataset/la_part_1_2_3/la_part_1/82.jpg,234,181,265,220,car
/media/santosh/newdrive/prafulla/aerial_motion_dataset/0_aerial_final_dataset/la_part_1_2_3/la_part_1/82.jpg,491,393,530,431,car
/media/santosh/newdrive/prafulla/aerial_motion_dataset/0_aerial_final_dataset/la_part_1_2_3/la_part_1/83.jpg,229,178,259,219,car
/media/santosh/newdrive/prafulla/aerial_motion_dataset/0_aerial_final_dataset/la_part_1_2_3/la_part_1/83.jpg,492,401,534,436,car
/media/santosh/newdrive/prafulla/aerial_motion_dataset/0_aerial_final_dataset/la_part_1_2_3/la_part_1/84.jpg,230,175,256,216,car
/media/santosh/newdrive/prafulla/aerial_motion_dataset/0_aerial_final_dataset/la_part_1_2_3/la_part_1/84.jpg,493,400,532,438,car
/media/santosh/newdrive/prafulla/aerial_motion_dataset/0_aerial_final_dataset/la_part_1_2_3/la_part_1/85.jpg,229,173,257,216,car
/media/santosh/newdrive/prafulla/aerial_motion_dataset/0_aerial_final_dataset/la_part_1_2_3/la_part_1/85.jpg,500,406,531,439,car
/media/santosh/newdrive/prafulla/aerial_motion_dataset/0_aerial_final_dataset/la_part_1_2_3/la_part_1/86.jpg,226,171,256,215,car
/media/santosh/newdrive/prafulla/aerial_motion_dataset/0_aerial_final_dataset/la_part_1_2_3/la_part_1/86.jpg,502,408,537,438,car
/media/santosh/newdrive/prafulla/aerial_motion_dataset/0_aerial_final_dataset/la_part_1_2_3/la_part_1/87.jpg,221,170,254,217,car
/media/santosh/newdrive/prafulla/aerial_motion_dataset/0_aerial_final_dataset/la_part_1_2_3/la_part_1/87.jpg,504,405,538,441,car
/media/santosh/newdrive/prafulla/aerial_motion_dataset/0_aerial_final_dataset/la_part_1_2_3/la_part_1/88.jpg,220,166,254,218,car
/media/santosh/newdrive/prafulla/aerial_motion_dataset/0_aerial_final_dataset/la_part_1_2_3/la_part_1/88.jpg,506,409,536,441,car
/media/santosh/newdrive/prafulla/aerial_motion_dataset/0_aerial_final_dataset/la_part_1_2_3/la_part_1/89.jpg,215,166,251,218,car
/media/santosh/newdrive/prafulla/aerial_motion_dataset/0_aerial_final_dataset/la_part_1_2_3/la_part_1/89.jpg,509,412,540,443,car
/media/santosh/newdrive/prafulla/aerial_motion_dataset/0_aerial_final_dataset/la_part_1_2_3/la_part_1/9.jpg,317,249,348,285,car
/media/santosh/newdrive/prafulla/aerial_motion_dataset/0_aerial_final_dataset/la_part_1_2_3/la_part_1/9.jpg,442,332,473,360,car
/media/santosh/newdrive/prafulla/aerial_motion_dataset/0_aerial_final_dataset/la_part_1_2_3/la_part_1/9.jpg,440,292,473,330,car
/media/santosh/newdrive/prafulla/aerial_motion_dataset/0_aerial_final_dataset/la_part_1_2_3/la_part_1/90.jpg,215,161,240,203,car
/media/santosh/newdrive/prafulla/aerial_motion_dataset/0_aerial_final_dataset/la_part_1_2_3/la_part_1/90.jpg,512,414,543,443,car
/media/santosh/newdrive/prafulla/aerial_motion_dataset/0_aerial_final_dataset/la_part_1_2_3/la_part_1/91.jpg,213,164,237,200,car
/media/santosh/newdrive/prafulla/aerial_motion_dataset/0_aerial_final_dataset/la_part_1_2_3/la_part_1/91.jpg,513,419,541,449,car
/media/santosh/newdrive/prafulla/aerial_motion_dataset/0_aerial_final_dataset/la_part_1_2_3/la_part_1/92.jpg,213,158,236,198,car
/media/santosh/newdrive/prafulla/aerial_motion_dataset/0_aerial_final_dataset/la_part_1_2_3/la_part_1/92.jpg,520,415,547,449,car
/media/santosh/newdrive/prafulla/aerial_motion_dataset/0_aerial_final_dataset/la_part_1_2_3/la_part_1/93.jpg,209,156,233,197,car
/media/santosh/newdrive/prafulla/aerial_motion_dataset/0_aerial_final_dataset/la_part_1_2_3/la_part_1/93.jpg,518,416,548,450,car
/media/santosh/newdrive/prafulla/aerial_motion_dataset/0_aerial_final_dataset/la_part_1_2_3/la_part_1/94.jpg,205,154,230,193,car
/media/santosh/newdrive/prafulla/aerial_motion_dataset/0_aerial_final_dataset/la_part_1_2_3/la_part_1/94.jpg,524,421,551,450,car
/media/santosh/newdrive/prafulla/aerial_motion_dataset/0_aerial_final_dataset/la_part_1_2_3/la_part_1/95.jpg,202,155,227,193,car
/media/santosh/newdrive/prafulla/aerial_motion_dataset/0_aerial_final_dataset/la_part_1_2_3/la_part_1/95.jpg,525,423,553,454,car
/media/santosh/newdrive/prafulla/aerial_motion_dataset/0_aerial_final_dataset/la_part_1_2_3/la_part_1/96.jpg,201,150,228,192,car
/media/santosh/newdrive/prafulla/aerial_motion_dataset/0_aerial_final_dataset/la_part_1_2_3/la_part_1/96.jpg,524,421,560,454,car
/media/santosh/newdrive/prafulla/aerial_motion_dataset/0_aerial_final_dataset/la_part_1_2_3/la_part_1/97.jpg,200,150,222,191,car
/media/santosh/newdrive/prafulla/aerial_motion_dataset/0_aerial_final_dataset/la_part_1_2_3/la_part_1/97.jpg,527,421,562,453,car
/media/santosh/newdrive/prafulla/aerial_motion_dataset/0_aerial_final_dataset/la_part_1_2_3/la_part_1/98.jpg,197,144,220,186,car
/media/santosh/newdrive/prafulla/aerial_motion_dataset/0_aerial_final_dataset/la_part_1_2_3/la_part_1/98.jpg,529,426,563,455,car
/media/santosh/newdrive/prafulla/aerial_motion_dataset/0_aerial_final_dataset/la_part_1_2_3/la_part_1/99.jpg,192,142,217,183,car
/media/santosh/newdrive/prafulla/aerial_motion_dataset/0_aerial_final_dataset/la_part_1_2_3/la_part_1/99.jpg,534,428,566,462,car
